ID,Name,Category,Current Round,Suggested Round,Current Difficulty,Suggested Difficulty,Current Daily Status,Suggested Daily Status,Daily Plays,Daily Avg Score,Daily 90+ %,Daily Under 25 %,Practice Plays,Practice Avg Score,Practice 90+ %,Practice Under 25 %,Recommendation,Decision,Your Difficulty,Your Comment,Difficulty,Daily Pool Recommendation,Review Reason,Score Profile,Latitude,Longitude,Tolerance (km),Fact,Status,Region,Parish,Alternate Names,Tags,Last Reviewed,Notes
1,Land's End,Headland,1,,1,,Keep,,61,94.5,91.8,1.6,50,92.3,84.0,2.0,,,,,1,Keep,,natural_standard,50.06861,-5.71612,0.5,Land's End is the most westerly point of mainland England.,Live,West Cornwall,,,,,Migrated from the verified live Gold 50 database. Initial score profile assigned automatically; review after tester feedback.
2,St Ives,Town,1,,1,,Keep,,40,90.2,77.5,5.0,55,73.2,58.2,16.4,,,,,1,Keep,Increase perfect-score radius so a clearly correct tap within the town is not penalised for missing the arbitrary centre point.,settlement_easy,50.21053,-5.48008,1.2,St Ives developed from a fishing port and became famous for its community of artists.,Live,West Cornwall,,,,,Migrated from the verified live Gold 50 database. Initial score profile assigned automatically; review after tester feedback.
3,Newquay,Town,1,,2,,Keep,,25,84.5,76.0,12.0,42,72.8,59.5,21.4,,,,,2,Keep,Increase perfect-score radius so a clearly correct tap within the town is not penalised for missing the arbitrary centre point.,settlement_easy,50.41264,-5.07676,1.5,Newquay is one of Cornwall's best-known surfing towns.,Live,Mid Cornwall,,,,,Migrated from the verified live Gold 50 database. Initial score profile assigned automatically; review after tester feedback.
4,St Michael's Mount,Tidal Island,1,,2,,Keep,,16,92.8,87.5,0.0,39,82.6,69.2,5.1,,,,,2,Keep,,natural_standard,50.11611,-5.47882,0.4,A granite causeway connects the island to Marazion when the tide allows.,Live,West Cornwall,,,,,Migrated from the verified live Gold 50 database. Initial score profile assigned automatically; review after tester feedback.
5,Lizard Point,Headland,2,1,3,2,Keep,,10,92.1,90.0,0.0,46,85.2,78.3,6.5,"Recommend moving from Round 2 to Round 1; players are finding it materially easier than its current round. Daily: 10 plays, avg 92.1, 90.0% scored 90+, 0.0% scored under 25. Practice: 46 plays, avg 85.2, 78.3% scored 90+, 6.5% scored under 25.",,,,3,Keep,,natural_standard,49.95992,-5.20615,0.45,Lizard Point is the southernmost point of mainland Great Britain.,Live,Mid Cornwall,,,,,Migrated from the verified live Gold 50 database. Initial score profile assigned automatically; review after tester feedback.
6,Eden Project,Attraction,2,,3,,Keep,,,,,,50,72.4,38.0,10.0,,,,,3,Keep,,landmark_easy,50.36195,-4.7447,0.45,The Eden Project's giant biomes were built in a former china-clay pit.,Live,Mid Cornwall,,,,,Migrated from the verified live Gold 50 database. Initial score profile assigned automatically; review after tester feedback.
7,Tintagel Castle,Castle,2,,4,,Keep,,,,,,53,73.6,47.2,11.3,,,,,4,Keep,,landmark_standard,50.66726,-4.75859,0.35,The castle ruins have been associated with the legends of King Arthur for centuries.,Live,North Cornwall,,,,,Migrated from the verified live Gold 50 database. Initial score profile assigned automatically; review after tester feedback.
8,Port Isaac Harbour,Harbour,2,,4,,Keep,,,,,,40,61.2,20.0,20.0,,,,,4,Keep,,landmark_standard,50.592913,-4.833107,0.4,Port Isaac's narrow streets and harbour have appeared in numerous television productions.,Live,North Cornwall,,,,,Migrated from the verified live Gold 50 database. Initial score profile assigned automatically; review after tester feedback.
9,Kynance Cove,Cove,3,2,5,4,Keep,,48,75.3,47.9,8.3,32,70.6,43.8,12.5,"Recommend moving from Round 3 to Round 2; players are finding it materially easier than its current round. Daily: 48 plays, avg 75.3, 47.9% scored 90+, 8.3% scored under 25. Practice: 32 plays, avg 70.6, 43.8% scored 90+, 12.5% scored under 25.",,,,5,Keep,,natural_standard,49.97455,-5.2303,0.35,Kynance Cove is known for its turquoise water and serpentine rock formations.,Live,Mid Cornwall,,,,,Migrated from the verified live Gold 50 database. Initial score profile assigned automatically; review after tester feedback.
10,Minack Theatre,Landmark,3,,5,,Keep,,,,,,28,62.3,50.0,25.0,,,,,5,Keep,,landmark_standard,50.04118,-5.65105,0.25,The open-air theatre was created by Rowena Cade above the cliffs at Porthcurno.,Live,West Cornwall,,,,,Migrated from the verified live Gold 50 database. Initial score profile assigned automatically; review after tester feedback.
11,Charlestown Harbour,Harbour,3,2,6,4,Keep,,,,,,23,80.1,65.2,4.3,"Recommend moving from Round 3 to Round 2; players are finding it materially easier than its current round. Practice: 23 plays, avg 80.1, 65.2% scored 90+, 4.3% scored under 25.",,,,6,Keep,,landmark_standard,50.33288,-4.75863,0.35,Charlestown's Georgian harbour was built to support Cornwall's copper and china-clay industries.,Live,Mid Cornwall,,,,,Migrated from the verified live Gold 50 database. Initial score profile assigned automatically; review after tester feedback.
12,Boscastle Harbour,Harbour,3,,6,,Keep,,,,,,25,52.7,12.0,20.0,,,,,6,Keep,,landmark_standard,50.69036,-4.69337,0.35,"Boscastle's harbour lies at the end of a long, narrow natural inlet.",Live,North Cornwall,,,,,Migrated from the verified live Gold 50 database. Initial score profile assigned automatically; review after tester feedback.
13,Rame Head,Headland,4,,7,,Keep,,39,52.3,41.0,46.2,39,60.8,46.2,30.8,,,,,7,Keep,,natural_remote,50.31672,-4.22075,0.4,A medieval chapel stands on the prominent headland overlooking Plymouth Sound.,Live,East Cornwall,,,,,Migrated from the verified live Gold 50 database. Initial score profile assigned automatically; review after tester feedback.
14,Trevose Head Lighthouse,Lighthouse,4,,7,,Keep,,60,59.3,45.0,35.0,38,49.9,31.6,31.6,,,,,7,Keep,,landmark_standard,50.549402,-5.034583,0.3,The lighthouse marks the headland between Constantine Bay and Mother Ivey's Bay.,Live,North Cornwall,,,,,Migrated from the verified live Gold 50 database. Initial score profile assigned automatically; review after tester feedback.
15,Rough Tor,Natural Feature,2,1,4,2,Keep,,40,83.8,52.5,0.0,47,75.3,40.4,0.0,"Recommend moving from Round 2 to Round 1; players are finding it materially easier than its current round. Daily: 40 plays, avg 83.8, 52.5% scored 90+, 0.0% scored under 25. Practice: 47 plays, avg 75.3, 40.4% scored 90+, 0.0% scored under 25.",,,,4,Keep,,natural_remote,50.59735168,-4.621755,0.35,Rough Tor is Cornwall's second-highest summit and contains extensive prehistoric remains.,Live,North Cornwall,,,,,Migrated from the verified live Gold 50 database. Initial score profile assigned automatically; review after tester feedback.
16,Brown Willy,Natural Feature,1,,2,,Keep,,22,90.2,77.3,0.0,56,86.1,69.6,1.8,,,,,2,Keep,,natural_remote,50.590717,-4.602256,0.35,"At 420 metres, Brown Willy is the highest point in Cornwall.",Live,North Cornwall,,,,,Migrated from the verified live Gold 50 database. Initial score profile assigned automatically; review after tester feedback.
17,Mên-an-Tol,Prehistoric Monument,5,,9,,Keep / monitor,,46,53.9,32.6,37.0,20,50.5,25.0,40.0,,,,,9,Keep / monitor,"Keep for now: distinctive and culturally recognisable, but monitor real-player scores.",landmark_remote,50.158527,-5.604524,0.25,The monument's Cornish name means 'the holed stone'.,Live,West Cornwall,,,,,Migrated from the verified live Gold 50 database. Initial score profile assigned automatically; review after tester feedback.
18,Carn Brea Castle,Historic Building,5,,9,,Keep,,,,,,20,56.8,20.0,30.0,,,,,9,Keep,,landmark_remote,50.22252116,-5.24472423,0.3,The castle sits among the granite outcrops near the summit of Carn Brea.,Live,Mid Cornwall,,,,,Migrated from the verified live Gold 50 database. Initial score profile assigned automatically; review after tester feedback.
19,St Anthony Head Lighthouse,Lighthouse,3,,6,,Keep,,,,,,28,44.7,28.6,46.4,,,,,6,Keep,,landmark_standard,50.141313,-5.015565,0.25,The lighthouse guards the eastern side of the entrance to Carrick Roads.,Live,Mid Cornwall,,,,,Migrated from the verified live Gold 50 database. Initial score profile assigned automatically; review after tester feedback.
20,Lanyon Quoit,Prehistoric Monument,5,5,10,,Practice only,Return to Daily - Round 5,,,,,28,40.7,17.9,50.0,"Recommend returning this location to the Daily as a Round 5 expert location. Previously Practice-only; current Practice results support using it as a genuine expert final-round location. Practice: 28 plays, avg 40.7, 17.9% scored 90+, 50.0% scored under 25.",,,,10,Practice only,Individual quoit is specialist archaeological knowledge; tester feedback suggests it feels arbitrary rather than satisfyingly difficult.,landmark_remote,50.147419,-5.598915,0.25,Lanyon Quoit is a prehistoric chambered tomb with a huge granite capstone.,Live,West Cornwall,,,,,Migrated from the verified live Gold 50 database. Initial score profile assigned automatically; review after tester feedback.
21,Padstow Harbour,Harbour,1,,1,,Keep,,,,,,65,70.2,53.8,18.5,,,,,1,Keep,,landmark_easy,50.541594,-4.93763,0.45,Padstow stands on the western side of the Camel Estuary and has a long fishing tradition.,Live,North Cornwall,,,,,Migrated from the verified live Gold 50 database. Initial score profile assigned automatically; review after tester feedback.
22,Falmouth Harbour,Harbour,1,,1,,Keep,,13,84.5,84.6,15.4,61,82.4,63.9,8.2,,,,,1,Keep,,landmark_easy,50.1544,-5.0649,0.65,Falmouth grew around one of the world's deepest natural harbours.,Live,Mid Cornwall,,,,,Migrated from the verified live Gold 50 database. Initial score profile assigned automatically; review after tester feedback.
23,Penzance Harbour,Harbour,1,,1,,Keep,,10,90.4,90.0,10.0,62,75.8,66.1,21.0,,,,,1,Keep,,landmark_easy,50.118403,-5.531071,0.65,Penzance overlooks Mount's Bay and is the western terminus of the Cornish Main Line.,Live,West Cornwall,,,,,Migrated from the verified live Gold 50 database. Initial score profile assigned automatically; review after tester feedback.
24,Bude Sea Pool,Landmark,1,,2,,Keep,,,,,,50,59.0,36.0,28.0,,,,,2,Keep,,landmark_easy,50.83262,-4.554059,0.35,Bude Sea Pool is a semi-natural tidal swimming pool beneath the cliffs at Summerleaze Beach.,Live,East Cornwall,,,,,Migrated from the verified live Gold 50 database. Initial score profile assigned automatically; review after tester feedback.
25,Looe Harbour,Harbour,1,,2,,Keep,,12,53.7,33.3,33.3,43,60.7,34.9,23.3,,,,,2,Keep,,landmark_easy,50.3537,-4.4542,0.45,East and West Looe stand on opposite sides of the River Looe.,Live,East Cornwall,,,,,Migrated from the verified live Gold 50 database. Initial score profile assigned automatically; review after tester feedback.
26,Truro Cathedral,Historic Building,1,,2,,Keep,,11,94.8,90.9,0.0,51,89.1,66.7,0.0,,,,,2,Keep,,landmark_easy,50.264142,-5.051244,0.35,Truro Cathedral has three spires and was completed during the late nineteenth and early twentieth centuries.,Live,Mid Cornwall,,,,,Migrated from the verified live Gold 50 database. Initial score profile assigned automatically; review after tester feedback.
27,Fowey Harbour,Harbour,2,,3,,Keep,,136,76.0,61.0,17.6,43,60.4,46.5,37.2,,,,,3,Keep,,landmark_easy,50.3343,-4.6359,0.4,Fowey developed around the deep natural harbour at the mouth of the River Fowey.,Live,Mid Cornwall,,,,,Migrated from the verified live Gold 50 database. Initial score profile assigned automatically; review after tester feedback.
28,Perranporth Beach,Beach,2,,3,,Keep,,92,78.2,51.1,4.3,32,75.3,40.6,6.3,,,,,3,Keep,,natural_standard,50.349542,-5.15926,0.55,Perranporth Beach stretches for several kilometres along Cornwall's north coast.,Live,Mid Cornwall,,,,,Migrated from the verified live Gold 50 database. Initial score profile assigned automatically; review after tester feedback.
29,Pendennis Castle,Castle,2,,3,,Keep,,87,76.2,64.4,16.1,39,62.8,43.6,23.1,,,,,3,Keep,,landmark_easy,50.146261,-5.046244,0.35,Pendennis Castle was built by Henry VIII to defend the entrance to Carrick Roads.,Live,Mid Cornwall,,,,,Migrated from the verified live Gold 50 database. Initial score profile assigned automatically; review after tester feedback.
30,Mousehole Harbour,Harbour,2,1,3,2,Keep,,21,89.2,85.7,9.5,44,73.5,56.8,11.4,"Recommend moving from Round 2 to Round 1; players are finding it materially easier than its current round. Daily: 21 plays, avg 89.2, 85.7% scored 90+, 9.5% scored under 25. Practice: 44 plays, avg 73.5, 56.8% scored 90+, 11.4% scored under 25.",,,,3,Keep,,landmark_standard,50.082966,-5.537929,0.35,Mousehole is a historic fishing village on the western side of Mount's Bay.,Live,West Cornwall,,,,,Migrated from the verified live Gold 50 database. Initial score profile assigned automatically; review after tester feedback.
31,Polperro Harbour,Harbour,2,,4,,Keep,,18,68.7,33.3,16.7,46,67.8,30.4,10.9,,,,,4,Keep,,landmark_standard,50.331374,-4.517216,0.35,Polperro's tightly packed cottages surround a small fishing harbour at the mouth of the River Pol.,Live,East Cornwall,,,,,Migrated from the verified live Gold 50 database. Initial score profile assigned automatically; review after tester feedback.
32,Mevagissey Harbour,Harbour,2,1,4,2,Keep,,15,85.9,66.7,0.0,38,71.0,39.5,10.5,"Recommend moving from Round 2 to Round 1; players are finding it materially easier than its current round. Daily: 15 plays, avg 85.9, 66.7% scored 90+, 0.0% scored under 25. Practice: 38 plays, avg 71.0, 39.5% scored 90+, 10.5% scored under 25.",,,,4,Keep,,landmark_standard,50.2696,-4.786,0.4,Mevagissey's inner and outer harbours support both fishing boats and pleasure craft.,Live,Mid Cornwall,,,,,Migrated from the verified live Gold 50 database. Initial score profile assigned automatically; review after tester feedback.
33,Sennen Cove,Cove,3,,5,,Keep,,,,,,18,71.4,50.0,5.6,,,,,5,Keep,,natural_standard,50.080022,-5.696658,0.4,Sennen Cove lies close to Land's End and is known for its broad surfing beach.,Live,West Cornwall,,,,,Migrated from the verified live Gold 50 database. Initial score profile assigned automatically; review after tester feedback.
34,Porthcurno Beach,Beach,3,,5,,Keep,,,,,,34,60.7,35.3,17.6,,,,,5,Keep,,natural_standard,50.043128,-5.650036,0.35,Porthcurno was once an important landing point for international submarine telegraph cables.,Live,West Cornwall,,,,,Migrated from the verified live Gold 50 database. Initial score profile assigned automatically; review after tester feedback.
35,Bedruthan Steps,Natural Feature,3,,5,,Keep,,,,,,27,69.5,37.0,7.4,,,,,5,Keep,,natural_standard,50.484473,-5.03376,0.45,Bedruthan Steps is known for its dramatic line of offshore sea stacks.,Live,Mid Cornwall,,,,,Migrated from the verified live Gold 50 database. Initial score profile assigned automatically; review after tester feedback.
36,Wheal Coates,Historic Building,4,,7,,Keep,,,,,,42,42.0,7.1,19.0,,,,,7,Keep,,landmark_standard,50.305452,-5.23165,0.3,The Towanroath engine house at Wheal Coates stands dramatically above the north Cornish coast.,Live,Mid Cornwall,,,,,Migrated from the verified live Gold 50 database. Initial score profile assigned automatically; review after tester feedback.
37,Geevor Tin Mine,Historic Building,4,3,7,6,Keep,,38,70.1,39.5,18.4,38,67.5,28.9,13.2,"Recommend moving from Round 4 to Round 3; players are finding it materially easier than its current round. Daily: 38 plays, avg 70.1, 39.5% scored 90+, 18.4% scored under 25. Practice: 38 plays, avg 67.5, 28.9% scored 90+, 13.2% scored under 25.",,,,7,Keep,,landmark_standard,50.152376,-5.675441,0.35,Geevor was one of the last working tin mines in Cornwall before closing in 1990.,Live,West Cornwall,,,,,Migrated from the verified live Gold 50 database. Initial score profile assigned automatically; review after tester feedback.
38,Levant Mine,Historic Building,4,,7,,Keep,,,,,,41,49.6,17.1,22.0,,,,,7,Keep,,landmark_standard,50.152473,-5.684176,0.3,Levant Mine is home to a restored nineteenth-century beam engine.,Live,West Cornwall,,,,,Migrated from the verified live Gold 50 database. Initial score profile assigned automatically; review after tester feedback.
39,Godrevy Lighthouse,Lighthouse,3,,5,,Keep,,,,,,25,51.8,24.0,28.0,,,,,5,Keep,,landmark_standard,50.242433,-5.399948,0.3,Godrevy Lighthouse stands on an island near the eastern side of St Ives Bay.,Live,West Cornwall,,,,,Migrated from the verified live Gold 50 database. Initial score profile assigned automatically; review after tester feedback.
40,St Mawes Castle,Castle,3,2,5,4,Keep,,,,,,16,83.0,75.0,6.3,"Recommend moving from Round 3 to Round 2; players are finding it materially easier than its current round. Practice: 16 plays, avg 83.0, 75.0% scored 90+, 6.3% scored under 25.",,,,5,Keep,,landmark_standard,50.155544,-5.023619,0.3,St Mawes Castle was built to work with Pendennis Castle in defending Carrick Roads.,Live,Mid Cornwall,,,,,Migrated from the verified live Gold 50 database. Initial score profile assigned automatically; review after tester feedback.
41,Restormel Castle,Castle,3,,5,,Keep,,,,,,28,61.3,32.1,25.0,,,,,5,Keep,,landmark_standard,50.4219,-4.670337,0.3,Restormel Castle is notable for its unusually circular layout.,Live,Mid Cornwall,,,,,Migrated from the verified live Gold 50 database. Initial score profile assigned automatically; review after tester feedback.
42,The Cheesewring,Natural Feature,4,3,8,6,Keep,,,,,,43,75.4,34.9,7.0,"Recommend moving from Round 4 to Round 3; players are finding it materially easier than its current round. Practice: 43 plays, avg 75.4, 34.9% scored 90+, 7.0% scored under 25.",,,,8,Keep,,natural_remote,50.525403,-4.459114,0.3,The Cheesewring is a naturally formed stack of granite slabs on Bodmin Moor.,Live,East Cornwall,,,,,Migrated from the verified live Gold 50 database. Initial score profile assigned automatically; review after tester feedback.
43,Golitha Falls,Natural Feature,4,3,8,6,Keep,,20,77.4,30.0,0.0,49,74.7,32.7,2.0,"Recommend moving from Round 4 to Round 3; players are finding it materially easier than its current round. Daily: 20 plays, avg 77.4, 30.0% scored 90+, 0.0% scored under 25. Practice: 49 plays, avg 74.7, 32.7% scored 90+, 2.0% scored under 25.",,,,8,Keep,,natural_remote,50.489742,-4.503691,0.4,"At Golitha Falls, the River Fowey tumbles through a wooded valley over a series of cascades.",Live,East Cornwall,,,,,Migrated from the verified live Gold 50 database. Initial score profile assigned automatically; review after tester feedback.
44,Dozmary Pool,Natural Feature,3,2,5,4,Keep,,19,84.6,68.4,5.3,33,76.9,51.5,6.1,"Recommend moving from Round 3 to Round 2; players are finding it materially easier than its current round. Daily: 19 plays, avg 84.6, 68.4% scored 90+, 5.3% scored under 25. Practice: 33 plays, avg 76.9, 51.5% scored 90+, 6.1% scored under 25.",,,,5,Keep,,natural_remote,50.542343,-4.549611,0.4,Dozmary Pool is traditionally associated with the Arthurian legend of Excalibur.,Live,East Cornwall,,,,,Migrated from the verified live Gold 50 database. Initial score profile assigned automatically; review after tester feedback.
45,Trethevy Quoit,Prehistoric Monument,5,,9,,Practice only,,,,,,22,24.0,0.0,54.5,,,,,9,Practice only,Individual quoit is specialist archaeological knowledge; better suited to Practice than the mainstream Daily pool.,landmark_remote,50.493215,-4.455479,0.25,Trethevy Quoit is a large Neolithic chambered tomb supported by upright stones.,Live,East Cornwall,,,,,Migrated from the verified live Gold 50 database. Initial score profile assigned automatically; review after tester feedback.
46,King Doniert's Stone,Prehistoric Monument,5,,10,,Practice only,,,,,,20,61.3,5.0,20.0,,,,,10,Practice only,Very specialist named monument with little geographic clue value for the average player.,landmark_remote,50.492921,-4.487748,0.25,The monument includes an inscribed stone linked to the ninth-century Cornish king Dungarth.,Live,East Cornwall,,,,,Migrated from the verified live Gold 50 database. Initial score profile assigned automatically; review after tester feedback.
47,Dupath Well,Historic Building,5,,10,,Practice only,,,,,,21,38.0,0.0,38.1,,,,,10,Practice only,Very specialist historic site; difficult because of obscurity rather than Cornwall geography.,landmark_remote,50.50018,-4.292663,0.25,Dupath Well is enclosed by a medieval granite well house.,Live,East Cornwall,,,,,Migrated from the verified live Gold 50 database. Initial score profile assigned automatically; review after tester feedback.
48,The Hurlers,Prehistoric Monument,4,,8,,Keep,,15,65.3,26.7,13.3,51,58.9,7.8,21.6,,,,,8,Keep,,landmark_remote,50.516629,-4.457947,0.3,The Hurlers consists of three prehistoric stone circles arranged in a line.,Live,East Cornwall,,,,,Migrated from the verified live Gold 50 database. Initial score profile assigned automatically; review after tester feedback.
49,St Piran's Oratory,Historic Building,5,,10,,Keep / monitor,,95,67.5,32.6,7.4,19,50.3,10.5,15.8,,,,,10,Keep / monitor,Keep for now because of Cornish significance; monitor whether difficulty feels rewarding.,landmark_remote,50.365024,-5.138931,0.25,"The buried oratory is traditionally associated with Saint Piran, Cornwall's patron saint.",Live,Mid Cornwall,,,,,Migrated from the verified live Gold 50 database. Initial score profile assigned automatically; review after tester feedback.
50,Chûn Quoit,Prehistoric Monument,5,5,10,,Practice only,Return to Daily - Round 5,,,,,15,36.1,26.7,53.3,"Recommend returning this location to the Daily as a Round 5 expert location. It also shows a strong 'know it or don't' score split, which suits a harder round. Previously Practice-only; current Practice results support using it as a genuine expert final-round location. Practice: 15 plays, avg 36.1, 26.7% scored 90+, 53.3% scored under 25.",,,,10,Practice only,Individual quoit is specialist archaeological knowledge; better suited to Practice than the mainstream Daily pool.,landmark_remote,50.148635,-5.637494,0.25,Chûn Quoit is one of Cornwall's best-preserved Neolithic chambered tombs.,Live,West Cornwall,,,,,Migrated from the verified live Gold 50 database. Initial score profile assigned automatically; review after tester feedback.
51,Porthleven,Town,1,2,2,3,Keep,,99,47.1,35.4,47.5,49,35.2,24.5,61.2,"Recommend moving from Round 1 to Round 2; players are finding it materially harder than its current round. It also shows a strong 'know it or don't' score split, which suits a harder round. Daily: 99 plays, avg 47.1, 35.4% scored 90+, 47.5% scored under 25. Practice: 49 plays, avg 35.2, 24.5% scored 90+, 61.2% scored under 25.",,,,2,Keep,Increase perfect-score radius so a clearly correct tap within the town is not penalised for missing the arbitrary centre point.,settlement_easy,50.0862,-5.3152,0.9,"Porthleven grew around Cornwall's most southerly working harbour, protected by massive granite walls.",Live,West Cornwall,Porthleven,,settlement; harbour; south coast,06/08/2026,Candidate town-centre/harbour pin. Check the green marker in developer mode before changing Status to Live. Marker and clue checked in local batch-test mode.
52,Marazion,Town,1,,2,,Keep,,70,73.5,65.7,18.6,59,69.9,59.3,23.7,,,,,2,Keep,Increase perfect-score radius so a clearly correct tap within the town is not penalised for missing the arbitrary centre point.,settlement_easy,50.125,-5.474,0.8,Marazion overlooks St Michael's Mount and is one of Cornwall's oldest chartered towns.,Live,West Cornwall,Marazion,,settlement; Mount's Bay; south coast,06/08/2026,Candidate town-centre pin. Check the green marker in developer mode before changing Status to Live. Marker and clue checked in local batch-test mode.
53,Coverack,Village,2,3,4,5,Keep,,15,42.6,13.3,46.7,43,50.2,27.9,34.9,"Recommend moving from Round 2 to Round 3; players are finding it materially harder than its current round. Daily: 15 plays, avg 42.6, 13.3% scored 90+, 46.7% scored under 25. Practice: 43 plays, avg 50.2, 27.9% scored 90+, 34.9% scored under 25.",,,,4,Keep,Modest settlement tolerance increase so a tap clearly inside the village can still earn a bullseye.,settlement_standard,50.0235,-5.0968,0.6,Coverack is a fishing village on the Lizard Peninsula with a distinctive curved harbour.,Live,Mid Cornwall,St Keverne,,settlement; fishing village; Lizard Peninsula,06/08/2026,Candidate village/harbour pin. Check the green marker in developer mode before changing Status to Live. Marker and clue checked in local batch-test mode.
54,Cadgwith,Village,3,,5,,Keep,,,,,,38,44.9,15.8,39.5,,,,,5,Keep,Modest settlement tolerance increase so a tap clearly inside the village can still earn a bullseye.,settlement_standard,49.9877,-5.1809,0.6,Cadgwith is a traditional fishing village where boats are still hauled onto the beach.,Live,Mid Cornwall,Grade-Ruan,,settlement; fishing village; Lizard Peninsula,06/08/2026,Candidate village-centre/beach pin. Check the green marker in developer mode before changing Status to Live. Marker and clue checked in local batch-test mode.
55,Lostwithiel,Town,2,,3,,Keep,,11,72.4,63.6,27.3,44,50.3,29.5,38.6,,,,,3,Keep,Increase perfect-score radius so a clearly correct tap within the town is not penalised for missing the arbitrary centre point.,settlement_easy,50.407,-4.6702,0.8,Lostwithiel was an important medieval centre and once hosted the administration of the Duchy of Cornwall.,Live,Mid Cornwall,Lostwithiel,,settlement; medieval; River Fowey,06/08/2026,Candidate town-centre pin. Check the green marker in developer mode before changing Status to Live. Marker and clue checked in local batch-test mode.
56,Wadebridge,Town,1,,2,,Keep,,79,62.4,45.6,27.8,48,53.6,31.3,31.3,,,,,2,Keep,Increase perfect-score radius so a clearly correct tap within the town is not penalised for missing the arbitrary centre point.,settlement_easy,50.517,-4.835,1.0,Wadebridge spans the River Camel and lies on the popular Camel Trail.,Live,North Cornwall,Wadebridge,,settlement; River Camel; Camel Trail,06/08/2026,Candidate town-centre pin. Check the green marker in developer mode before changing Status to Live. Marker and clue checked in local batch-test mode.
57,Helston,Town,1,,2,,Keep,,81,66.3,56.8,24.7,59,62.0,45.8,32.2,,,,,2,Keep,Increase perfect-score radius so a clearly correct tap within the town is not penalised for missing the arbitrary centre point.,settlement_easy,50.1,-5.273,1.2,Helston is famous for the annual Flora Day celebration and its traditional Furry Dance.,Live,West Cornwall,Helston,,settlement; market town; Flora Day,06/08/2026,Candidate town-centre pin. Check the green marker in developer mode before changing Status to Live. Marker and clue checked in local batch-test mode.
58,Royal Albert Bridge,Bridge,3,,6,,Keep,,93,61.1,44.1,30.1,28,68.8,42.9,17.9,,,,,6,Keep,,landmark_standard,50.4073,-4.2046,0.3,Brunel's Royal Albert Bridge carries the railway across the Tamar between Cornwall and Devon.,Live,East Cornwall,Saltash,,bridge; railway; Brunel; River Tamar,06/08/2026,Candidate bridge-centre pin. Check the green marker in developer mode before changing Status to Live. Marker and clue checked in local batch-test mode.
59,Cotehele House,Historic House,5,,9,,Keep,,65,51.7,16.9,30.8,19,65.0,26.3,21.1,,,,,9,Keep,,landmark_remote,50.4956,-4.2244,0.3,"Cotehele is a Tudor house above the River Tamar, preserved with many original interiors.",Live,East Cornwall,Calstock,Cotehele,historic house; Tudor; National Trust; Tamar Valley,06/08/2026,Candidate house pin. Check the green marker in developer mode before changing Status to Live. Marker and clue checked in local batch-test mode. Difficulty increased to 9 after play-testing; Cotehele was particularly difficult to place.
60,Cape Cornwall,Headland,3,2,6,4,Keep,,62,73.3,38.7,9.7,23,71.7,52.2,21.7,"Recommend moving from Round 3 to Round 2; players are finding it materially easier than its current round. Daily: 62 plays, avg 73.3, 38.7% scored 90+, 9.7% scored under 25. Practice: 23 plays, avg 71.7, 52.2% scored 90+, 21.7% scored under 25.",,,,6,Keep,,natural_standard,50.1273,-5.7085,0.35,Cape Cornwall is the point where two stretches of the Atlantic coast appear to meet.,Live,West Cornwall,St Just,Kilgoodh Ust,headland; coast; West Penwith,06/08/2026,Candidate headland/monument pin. Check the green marker in developer mode before changing Status to Live. Marker and clue checked in local batch-test mode.
61,St Agnes,Village,3,,5,,Keep,,83,53.8,36.1,28.9,33,51.2,27.3,36.4,,,,,5,Keep,Modest settlement tolerance increase so a tap clearly inside the village can still earn a bullseye.,settlement_easy,50.3128,-5.2046,0.6,St Agnes grew around tin mining and sits beneath the prominent St Agnes Beacon.,Live,Mid Cornwall,St Agnes,Aganas,settlement; mining; north coast,,Candidate village-centre pin. Check in batch-test mode before changing Status to Live.
62,Mullion,Village,2,,4,,Keep,,,,,,39,54.5,38.5,35.9,,,,,4,Keep,Modest settlement tolerance increase so a tap clearly inside the village can still earn a bullseye.,settlement_standard,50.0275,-5.242,0.7,Mullion is the largest village on the Lizard Peninsula and lies close to a dramatic harbour cove.,Live,West Cornwall,Mullion,Melin,settlement; Lizard Peninsula; south coast,,Candidate village-centre pin. Check in batch-test mode before changing Status to Live.
63,Hayle,Town,1,,2,,Keep,,111,62.4,48.6,29.7,55,65.0,49.1,25.5,,,,,2,Keep,Increase perfect-score radius so a clearly correct tap within the town is not penalised for missing the arbitrary centre point.,settlement_easy,50.185,-5.42,1.3,Hayle developed around an estuary and became a major centre for mining-engine manufacture.,Live,West Cornwall,Hayle,Heyl,settlement; estuary; industrial heritage,,Candidate town-centre pin. Check in batch-test mode before changing Status to Live.
64,Redruth,Town,2,,3,,Keep,,74,69.3,45.9,14.9,29,61.3,27.6,17.2,,,,,3,Keep,Increase perfect-score radius so a clearly correct tap within the town is not penalised for missing the arbitrary centre point.,settlement_easy,50.233,-5.226,1.2,Redruth expanded rapidly during Cornwall's nineteenth-century mining boom.,Live,West Cornwall,Redruth,Resrudh,settlement; mining; market town,,Candidate town-centre pin. Check in batch-test mode before changing Status to Live.
65,Bodmin,Town,1,,2,,Keep,,162,63.3,46.9,25.3,59,72.3,52.5,16.9,,,,,2,Keep,Increase perfect-score radius so a clearly correct tap within the town is not penalised for missing the arbitrary centre point.,settlement_easy,50.4715,-4.7243,1.2,Bodmin is one of Cornwall's oldest towns and was once the county town.,Live,Mid Cornwall,Bodmin,Bosvenegh,settlement; market town; inland,,Candidate town-centre pin. Check in batch-test mode before changing Status to Live.
66,Liskeard,Town,1,,2,,Keep,,58,62.9,50.0,25.9,51,36.1,25.5,60.8,,,,,2,Keep,Increase perfect-score radius so a clearly correct tap within the town is not penalised for missing the arbitrary centre point.,settlement_easy,50.454,-4.465,1.2,Liskeard is a historic market town and a gateway to southeast Cornwall and Bodmin Moor.,Live,East Cornwall,Liskeard,Lyskerrys,settlement; market town; southeast Cornwall,,Candidate town-centre pin. Check in batch-test mode before changing Status to Live.
67,Launceston,Town,1,,2,,Keep,,50,61.4,56.0,36.0,52,42.5,36.5,55.8,,,,,2,Keep,Increase perfect-score radius so a clearly correct tap within the town is not penalised for missing the arbitrary centre point.,settlement_easy,50.636,-4.36,1.1,Launceston was Cornwall's historic county town and is dominated by its hilltop castle.,Live,East Cornwall,Launceston,Lannstevan,settlement; castle town; east Cornwall,,Candidate town-centre pin. Check in batch-test mode before changing Status to Live.
68,Treffry Viaduct,Railway Heritage,5,,9,,Keep,,70,68.7,41.4,4.3,22,63.4,22.7,4.5,,,,,9,Keep,,landmark_remote,50.382625,-4.735048,0.3,Treffry Viaduct carried both a railway and a water channel through the Luxulyan Valley.,Live,Mid Cornwall,Luxulyan,Luxulyan Viaduct,railway; industrial heritage; viaduct; Luxulyan Valley,,Candidate viaduct-centre pin. Check in batch-test mode before changing Status to Live.
69,Wheal Martyn,Mining Heritage,4,3,8,6,Keep,,13,84.5,76.9,0.0,41,57.7,34.1,14.6,"Recommend moving from Round 4 to Round 3; players are finding it materially easier than its current round. Daily: 13 plays, avg 84.5, 76.9% scored 90+, 0.0% scored under 25. Practice: 41 plays, avg 57.7, 34.1% scored 90+, 14.6% scored under 25.",,,,8,Keep,,landmark_remote,50.364417,-4.805876,0.35,Wheal Martyn tells the story of Cornwall's china-clay industry at a former working clay site.,Live,Mid Cornwall,Treverbyn,Wheal Martyn Clay Works,china clay; industrial heritage; museum,,Candidate visitor-site pin. Check in batch-test mode before changing Status to Live.
70,Loe Pool,Natural Feature,4,,8,,Keep,,14,73.1,64.3,28.6,40,47.1,22.5,37.5,,,,,8,Keep,,natural_remote,50.076027,-5.290069,1.1,"Loe Pool is Cornwall's largest natural freshwater lake, separated from the sea by Loe Bar.",Live,West Cornwall,,The Loe,lake; natural feature; Loe Bar,,Candidate central-lake pin. Confirm the preferred target point and parish during batch testing.
71,Camelford,Town,3,4,5,7,Keep,,84,41.5,31.0,53.6,22,35.2,13.6,59.1,"Recommend moving from Round 3 to Round 4; players are finding it materially harder than its current round. It also shows a strong 'know it or don't' score split, which suits a harder round. Daily: 84 plays, avg 41.5, 31.0% scored 90+, 53.6% scored under 25. Practice: 22 plays, avg 35.2, 13.6% scored 90+, 59.1% scored under 25.",,,,5,Keep,Increase perfect-score radius so a clearly correct tap within the town is not penalised for missing the arbitrary centre point.,settlement_standard,50.622874,-4.678908,0.8,Camelford is a small market town on the River Camel near the northwestern edge of Bodmin Moor.,Live,North Cornwall,Camelford,,settlement; market town; River Camel; Bodmin Moor,,"Candidate town-centre pin. Check in batch-test mode before changing Status to Live. Coordinate source: https://gazetteer.org.uk/place/Camelford,_Cornwall_7660"
72,Callington,Town,3,,5,,Keep,,113,43.8,28.3,44.2,30,43.2,20.0,36.7,,,,,5,Keep,Increase perfect-score radius so a clearly correct tap within the town is not penalised for missing the arbitrary centre point.,settlement_standard,50.503046,-4.315863,1.0,Callington is a market town in the Tamar Valley beneath Kit Hill.,Live,East Cornwall,Callington,,settlement; market town; Tamar Valley; Kit Hill,,"Candidate town-centre pin. Check in batch-test mode before changing Status to Live. Coordinate source: https://gazetteer.org.uk/place/Callington,_Cornwall_7580"
73,Saltash,Town,1,,2,,Keep,,55,80.7,67.3,12.7,65,55.5,41.5,38.5,,,,,2,Keep,Increase perfect-score radius so a clearly correct tap within the town is not penalised for missing the arbitrary centre point.,settlement_easy,50.4087,-4.2112,1.4,Saltash stands beside the River Tamar and is often described as the gateway to Cornwall.,Live,East Cornwall,Saltash,,settlement; River Tamar; gateway to Cornwall,,Candidate town-centre pin. Check in batch-test mode before changing Status to Live. Coordinate source: https://mapcarta.com/Saltash
74,St Austell,Town,1,,2,,Keep,,16,70.8,56.3,18.8,49,78.7,63.3,8.2,,,,,2,Keep,Increase perfect-score radius so a clearly correct tap within the town is not penalised for missing the arbitrary centre point.,settlement_easy,50.3381,-4.7942,1.5,St Austell grew rapidly with the expansion of Cornwall's china-clay industry.,Live,Mid Cornwall,St Austell,,settlement; china clay; market town,,Candidate town-centre pin. Check in batch-test mode before changing Status to Live. Coordinate source: https://mapcarta.com/St_Austell
75,Camborne,Town,2,,3,,Keep,,10,85.5,80.0,10.0,54,43.5,24.1,50.0,,,,,3,Keep,Increase perfect-score radius so a clearly correct tap within the town is not penalised for missing the arbitrary centre point.,settlement_easy,50.21388,-5.29904,1.2,Camborne became a major centre of Cornish mining and engineering during the Industrial Revolution.,Live,West Cornwall,Camborne,,settlement; mining; engineering; industrial heritage,,Candidate town-centre pin. Check in batch-test mode before changing Status to Live. Coordinate source: https://mapcarta.com/17653568
76,Newlyn,Town,2,,3,,Keep,,12,74.0,66.7,25.0,40,59.2,47.5,35.0,,,,,3,Keep,Increase perfect-score radius so a clearly correct tap within the town is not penalised for missing the arbitrary centre point.,settlement_easy,50.1063,-5.5495,0.9,Newlyn is a major fishing port and gave its name to the influential Newlyn School of artists.,Live,West Cornwall,Penzance,,settlement; fishing port; Newlyn School; Mount's Bay,,Candidate town-centre pin. Check in batch-test mode before changing Status to Live. Coordinate source: https://mapcarta.com/Newlyn
77,St Just,Town,2,,4,,Keep,,10,76.1,50.0,20.0,48,43.8,20.8,39.6,,,,,4,Keep,Increase perfect-score radius so a clearly correct tap within the town is not penalised for missing the arbitrary centre point.,settlement_standard,50.124401,-5.679774,0.9,St Just is the most westerly town in mainland Britain and lies within the historic mining landscape of West Penwith.,Live,West Cornwall,St Just,,settlement; mining; West Penwith; western Cornwall,,Candidate town-centre pin. Check in batch-test mode before changing Status to Live. Coordinate source: https://mapcarta.com/26934980
78,St Keverne,Village,3,4,5,7,Keep,,154,38.4,16.9,47.4,20,18.8,10.0,70.0,"Recommend moving from Round 3 to Round 4; players are finding it materially harder than its current round. Daily: 154 plays, avg 38.4, 16.9% scored 90+, 47.4% scored under 25. Practice: 20 plays, avg 18.8, 10.0% scored 90+, 70.0% scored under 25.",,,,5,Keep,Modest settlement tolerance increase so a tap clearly inside the village can still earn a bullseye.,settlement_standard,50.0494,-5.08933,0.6,St Keverne is a large village on the Lizard Peninsula with a spacious central square.,Live,Mid Cornwall,St Keverne,,settlement; village; Lizard Peninsula,,Candidate village-centre pin. Check in batch-test mode before changing Status to Live. Coordinate source: https://www.getthedata.com/st-keverne/where-is-st-keverne
79,St Neot,Village,4,5,7,9,Keep,,11,39.5,18.2,45.5,45,28.8,8.9,62.2,"Recommend moving from Round 4 to Round 5; players are finding it materially harder than its current round. Daily: 11 plays, avg 39.5, 18.2% scored 90+, 45.5% scored under 25. Practice: 45 plays, avg 28.8, 8.9% scored 90+, 62.2% scored under 25.",,,,7,Keep,Modest settlement tolerance increase so a tap clearly inside the village can still earn a bullseye.,settlement_standard,50.482222,-4.558889,0.6,St Neot is a moorland-edge village known for the medieval stained glass in its parish church.,Live,East Cornwall,St Neot,,settlement; village; Bodmin Moor; stained glass,,Candidate village-centre pin. Check in batch-test mode before changing Status to Live. Coordinate source: https://www.britishplacenames.uk/st-neot-cornwall-sx185678/maps
80,Jamaica Inn,Landmark,3,,6,,Keep,,,,,,29,71.3,31.0,6.9,,,,,6,Keep,,landmark_standard,50.56234,-4.56673,0.3,Jamaica Inn is an eighteenth-century coaching inn on Bodmin Moor made famous by Daphne du Maurier's novel.,Live,East Cornwall,Altarnun,,landmark; inn; Bodmin Moor; Daphne du Maurier,,Candidate building-centre pin. Check in batch-test mode before changing Status to Live. Coordinate source: https://mapcarta.com/N429194826
81,Portreath,Village,2,,4,,Keep,,161,58.0,36.0,30.4,42,37.6,26.2,54.8,,,,,4,Keep,Modest settlement tolerance increase so a tap clearly inside the village can still earn a bullseye.,settlement_standard,50.26088,-5.28968,0.7,Portreath developed around a small harbour that once exported copper ore and imported coal.,Live,West Cornwall,Portreath,,settlement; harbour village; mining heritage; north coast,,Candidate village-centre pin. Check in batch-test mode before changing Status to Live. Coordinate source: https://mapcarta.com/17625692
82,St Columb Major,Town,2,,4,,Keep,,106,57.0,33.0,24.5,36,41.0,8.3,41.7,,,,,4,Keep,Increase perfect-score radius so a clearly correct tap within the town is not penalised for missing the arbitrary centre point.,settlement_standard,50.4345,-4.9402,0.9,St Columb Major is an historic market town associated with the traditional Cornish hurling game.,Live,North Cornwall,St Columb Major,,settlement; market town; hurling; north Cornwall,,Candidate town-centre pin. Check in batch-test mode before changing Status to Live. Coordinate source: https://mapcarta.com/St_Columb_Major
83,Gunnislake,Village,3,4,6,7,Keep,,52,41.1,21.2,46.2,21,30.9,0.0,42.9,"Recommend moving from Round 3 to Round 4; players are finding it materially harder than its current round. Daily: 52 plays, avg 41.1, 21.2% scored 90+, 46.2% scored under 25. Practice: 21 plays, avg 30.9, 0.0% scored 90+, 42.9% scored under 25.",,,,6,Keep,Modest settlement tolerance increase so a tap clearly inside the village can still earn a bullseye.,settlement_standard,50.52388,-4.21619,0.7,Gunnislake is a Tamar Valley village with a long history connected to mining and river transport.,Live,East Cornwall,Calstock,,settlement; Tamar Valley; mining heritage; river,,Candidate village-centre pin. Check in batch-test mode before changing Status to Live. Coordinate source: https://mapcarta.com/17641196
84,Kilkhampton,Village,4,5,8,9,Keep,,24,35.5,20.8,50.0,39,15.1,0.0,79.5,"Recommend moving from Round 4 to Round 5; players are finding it materially harder than its current round. Daily: 24 plays, avg 35.5, 20.8% scored 90+, 50.0% scored under 25. Practice: 39 plays, avg 15.1, 0.0% scored 90+, 79.5% scored under 25.",,,,8,Keep,Modest settlement tolerance increase so a tap clearly inside the village can still earn a bullseye.,settlement_standard,50.87599,-4.48187,0.6,"Kilkhampton is a large village near Cornwall's northern border, a few miles inland from Bude.",Live,East Cornwall,Kilkhampton,,settlement; village; north Cornwall; Bude area,,Candidate village-centre pin. Check in batch-test mode before changing Status to Live. Coordinate source: https://mapcarta.com/17636988
85,Polruan,Village,3,4,5,7,Keep,,,,,,20,38.7,15.0,50.0,"Recommend moving from Round 3 to Round 4; players are finding it materially harder than its current round. Practice: 20 plays, avg 38.7, 15.0% scored 90+, 50.0% scored under 25.",,,,5,Keep,Modest settlement tolerance increase so a tap clearly inside the village can still earn a bullseye.,settlement_standard,50.3286,-4.63458,0.6,Polruan is a steep-sided village opposite Fowey at the mouth of the River Fowey.,Live,Mid Cornwall,Lanteglos-by-Fowey,,settlement; village; River Fowey; south coast,,Candidate village-centre pin. Check in batch-test mode before changing Status to Live. Coordinate source: https://mapcarta.com/17625980
86,Crantock,Village,3,,6,,Keep,,,,,,19,64.3,57.9,21.1,,,,,6,Keep,Modest settlement tolerance increase so a tap clearly inside the village can still earn a bullseye.,settlement_standard,50.40162,-5.11012,0.7,"Crantock is a coastal village southwest of Newquay, close to a broad sandy beach and tidal estuary.",Live,Mid Cornwall,Crantock,,settlement; village; coast; estuary,,Candidate village-centre pin. Check in batch-test mode before changing Status to Live. Coordinate source: https://mapcarta.com/17649830
87,Constantine (village),Village,5,,9,,Keep,,23,51.3,21.7,43.5,18,52.2,22.2,22.2,,,,,9,Keep,Modest settlement tolerance increase so a tap clearly inside the village can still earn a bullseye.,settlement_standard,50.11888,-5.17496,0.7,"Constantine is a large village west of Falmouth, surrounded by wooded valleys and farmland.",Live,Mid Cornwall,Constantine,,settlement; village; Falmouth area; inland,,Candidate village-centre pin. Check in batch-test mode before changing Status to Live. Coordinate source: https://mapcarta.com/17650546
88,Zennor,Village,4,,7,,Keep,,28,57.0,28.6,25.0,42,38.4,9.5,40.5,,,,,7,Keep,Modest settlement tolerance increase so a tap clearly inside the village can still earn a bullseye.,settlement_standard,50.1919,-5.5674,0.6,Zennor is a small West Penwith village known for the legend of the Mermaid of Zennor.,Live,West Cornwall,Zennor,Sen Senara,settlement; village; West Penwith; folklore,,Candidate village-centre pin. Check in batch-test mode before changing Status to Live. Coordinate source: https://mapcarta.com/Zennor
89,Millbrook,Village,4,5,7,9,Keep,,20,37.6,25.0,60.0,46,29.0,6.5,60.9,"Recommend moving from Round 4 to Round 5; players are finding it materially harder than its current round. Daily: 20 plays, avg 37.6, 25.0% scored 90+, 60.0% scored under 25. Practice: 46 plays, avg 29.0, 6.5% scored 90+, 60.9% scored under 25.",,,,7,Keep,Modest settlement tolerance increase so a tap clearly inside the village can still earn a bullseye.,settlement_standard,50.34715,-4.2169,0.7,Millbrook is a large village on the Rame Peninsula beside a tidal lake connected to the Tamar estuary.,Live,East Cornwall,Millbrook,,settlement; village; Rame Peninsula; tidal lake,,Candidate village-centre pin. Check in batch-test mode before changing Status to Live. Coordinate source: https://mapcarta.com/17630730
90,Roche Rock,Landmark,4,3,7,6,Keep,,19,83.7,68.4,0.0,47,72.7,42.6,10.6,"Recommend moving from Round 4 to Round 3; players are finding it materially easier than its current round. Daily: 19 plays, avg 83.7, 68.4% scored 90+, 0.0% scored under 25. Practice: 47 plays, avg 72.7, 42.6% scored 90+, 10.6% scored under 25.",,,,7,Keep,,landmark_remote,50.402,-4.8283,0.3,Roche Rock is a dramatic granite outcrop crowned by the ruins of a medieval chapel.,Live,Mid Cornwall,Roche,"St Michael's Chapel, Roche Rock",landmark; chapel; granite outcrop; medieval,,Candidate rock/chapel pin. Check in batch-test mode before changing Status to Live. Coordinate source: https://mapcarta.com/N687857460
91,Perranuthnoe,Village,4,,7,,Keep,,,,,,52,47.3,28.8,40.4,,,,,7,Keep,Modest settlement tolerance increase so a tap clearly inside the village can still earn a bullseye.,settlement_standard,50.11553,-5.44431,0.6,"Perranuthnoe is a coastal village overlooking Mount's Bay, close to St Michael's Mount.",Live,West Cornwall,Perranuthnoe,,settlement; village; Mount's Bay; south coast,,Candidate village-centre pin. Check in batch-test mode before changing Status to Live. Coordinate source: https://mapcarta.com/17626410
92,Gwithian,Village,3,4,6,7,Keep,,,,,,26,26.7,7.7,57.7,"Recommend moving from Round 3 to Round 4; players are finding it materially harder than its current round. Practice: 26 plays, avg 26.7, 7.7% scored 90+, 57.7% scored under 25.",,,,6,Keep,Modest settlement tolerance increase so a tap clearly inside the village can still earn a bullseye.,settlement_standard,50.22088,-5.3858,0.6,Gwithian is a small coastal village overlooking St Ives Bay and the dunes of Gwithian Towans.,Live,West Cornwall,Gwinear-Gwithian,,settlement; village; St Ives Bay; north coast,,Candidate village-centre pin. Check in batch-test mode before changing Status to Live. Coordinate source: https://mapcarta.com/17641128
93,St Germans,Village,3,4,6,7,Keep,,,,,,26,23.8,7.7,61.5,"Recommend moving from Round 3 to Round 4; players are finding it materially harder than its current round. Practice: 26 plays, avg 23.8, 7.7% scored 90+, 61.5% scored under 25.",,,,6,Keep,Modest settlement tolerance increase so a tap clearly inside the village can still earn a bullseye.,settlement_standard,50.3951,-4.3113,0.6,St Germans stands above the River Tiddy and was once the seat of a medieval Cornish bishopric.,Live,East Cornwall,St Germans,,settlement; village; River Tiddy; east Cornwall,,Candidate village-centre pin. Check in batch-test mode before changing Status to Live. Coordinate source: https://mapcarta.com/26934976
94,Altarnun,Village,4,,7,,Keep,,20,41.5,25.0,45.0,37,38.1,5.4,35.1,,,,,7,Keep,Modest settlement tolerance increase so a tap clearly inside the village can still earn a bullseye.,settlement_standard,50.6034,-4.51174,0.6,"Altarnun lies on the edge of Bodmin Moor and is known for St Nonna's Church, the Cathedral of the Moor.",Live,East Cornwall,Altarnun,Altarnon,settlement; village; Bodmin Moor; church,,Candidate village-centre pin. Check in batch-test mode before changing Status to Live. Coordinate source: https://mapcarta.com/17660518
95,Flushing,Village,4,,7,,Keep,,109,60.3,29.4,23.9,34,32.0,11.8,52.9,,,,,7,Keep,Modest settlement tolerance increase so a tap clearly inside the village can still earn a bullseye.,settlement_standard,50.16542,-5.07023,0.7,Flushing faces Falmouth across the Penryn River and developed as a riverside maritime village.,Live,Mid Cornwall,Mylor,,settlement; village; Carrick Roads; maritime,,Candidate village-centre pin. Check in batch-test mode before changing Status to Live. Coordinate source: https://mapcarta.com/17644220
96,St Day,Village,4,,7,,Keep,,118,48.2,20.3,36.4,46,38.5,15.2,45.7,,,,,7,Keep,Modest settlement tolerance increase so a tap clearly inside the village can still earn a bullseye.,settlement_standard,50.2393,-5.18488,0.6,St Day grew within the heart of Cornwall's historic copper- and tin-mining district.,Live,West Cornwall,St Day,Sen Day,settlement; village; mining heritage; Gwennap,,Candidate village-centre pin. Check in batch-test mode before changing Status to Live. Coordinate source: https://mapcarta.com/17623316
97,Hugh Town,Town,4,,8,,Keep,,20,68.7,65.0,30.0,42,43.8,33.3,52.4,,,,,8,Keep,Increase perfect-score radius so a clearly correct tap within the town is not penalised for missing the arbitrary centre point.,settlement_standard,49.91456,-6.31536,0.8,Hugh Town is the largest settlement and administrative centre of the Isles of Scilly.,Live,Isles of Scilly,St Mary's,,settlement; town; St Mary's; Isles of Scilly,,Candidate town-centre pin. Check in batch-test mode before changing Status to Live. Coordinate source: https://mapcarta.com/17638582
98,Tresco,Island,2,1,3,2,Keep,,57,88.6,86.0,5.3,56,76.4,62.5,10.7,"Recommend moving from Round 2 to Round 1; players are finding it materially easier than its current round. Daily: 57 plays, avg 88.6, 86.0% scored 90+, 5.3% scored under 25. Practice: 56 plays, avg 76.4, 62.5% scored 90+, 10.7% scored under 25.",,,,3,Keep,,natural_remote,49.95506,-6.33379,1.5,Tresco is the second-largest inhabited island in the Isles of Scilly and is known for its subtropical Abbey Garden.,Live,Isles of Scilly,Tresco,,island; Isles of Scilly; Abbey Garden; natural feature,,Candidate island-centre pin. Tolerance reflects the island's physical size; check in batch-test mode before changing Status to Live. Coordinate source: https://mapcarta.com/17616668
99,St Martin's,Island,3,,5,,Keep,,,,,,19,65.2,52.6,31.6,,,,,5,Keep,,natural_remote,49.963,-6.2859,1.5,"St Martin's is one of the inhabited Isles of Scilly, known for its long beaches and distinctive red-and-white daymark.",Live,Isles of Scilly,St Martin's,St Martins,island; Isles of Scilly; beaches; natural feature,,Candidate island-centre pin. Tolerance reflects the island's physical size; check in batch-test mode before changing Status to Live. Coordinate source: https://mapcarta.com/26937360
100,Bishop Rock Lighthouse,Lighthouse,5,,10,,Keep / monitor,,12,31.6,8.3,66.7,17,35.4,5.9,58.8,,,,,10,Keep / monitor,"Keep: genuinely hard geography, but recognisable and distinctive rather than pure trivia.",landmark_remote,49.87285,-6.44557,0.3,Bishop Rock Lighthouse stands on a tiny Atlantic rock southwest of the Isles of Scilly.,Live,Isles of Scilly,St Agnes,Bishop Rock,lighthouse; Isles of Scilly; offshore; landmark,,Candidate lighthouse pin. Check in batch-test mode before changing Status to Live. Coordinate source: https://www.trinityhouse.co.uk/notice-to-mariners/27/2024-bishop-rock-lighthouse
101,Rock,Village,2,,4,,Keep,,,,,,37,67.2,48.6,27.0,,,,,4,Keep,,settlement_standard,50.544484,-4.915181,1.0,Rock sits on the eastern side of the Camel Estuary opposite Padstow and is well known for sailing and watersports.,Live,North Cornwall,St Minver Lowlands,,"settlement,north coast,camel estuary",11/08/2026,Expansion batch 101-120; researched and reviewed before build.
102,Polzeath,Village,2,,4,,Keep,,42,54.5,45.2,40.5,37,40.2,21.6,48.6,,,,,4,Keep,,settlement_standard,50.572839,-4.914901,0.9,Polzeath is a popular north-coast surfing village backed by a broad sandy beach.,Live,North Cornwall,St Minver Lowlands,,"settlement,beach,surfing,north coast",11/08/2026,Expansion batch 101-120; researched and reviewed before build.
103,Mawgan Porth,Village,3,,5,,Keep,,34,44.8,26.5,38.2,26,45.1,15.4,42.3,,,,,5,Keep,,settlement_standard,50.465223,-5.030167,1.0,"Mawgan Porth is a coastal village north of Newquay, set around a sandy beach at the mouth of the River Menalhyl.",Live,North Cornwall,Mawgan-in-Pydar,,"settlement,beach,north coast",11/08/2026,Expansion batch 101-120; researched and reviewed before build.
104,Widemouth Bay,Beach,3,,5,,Keep,,26,56.3,30.8,34.6,21,59.2,42.9,38.1,,,,,5,Keep,,natural_standard,50.790995,-4.555126,1.0,Widemouth Bay is a wide Atlantic beach just south of Bude and is well known for surfing.,Live,North Cornwall,Poundstock,,"beach,surfing,north coast",11/08/2026,Expansion batch 101-120; researched and reviewed before build.
105,Crackington Haven,Village,3,4,6,7,Keep,,14,45.6,28.6,42.9,20,31.6,15.0,55.0,"Recommend moving from Round 3 to Round 4; players are finding it materially harder than its current round. Daily: 14 plays, avg 45.6, 28.6% scored 90+, 42.9% scored under 25. Practice: 20 plays, avg 31.6, 15.0% scored 90+, 55.0% scored under 25.",,,,6,Keep,,settlement_standard,50.741164,-4.63202,0.8,Crackington Haven is known for dramatic folded Carboniferous cliffs that are especially visible around the cove.,Live,North Cornwall,St Gennys,,"settlement,cove,geology,north coast",11/08/2026,Expansion batch 101-120; researched and reviewed before build.
106,Trebarwith Strand,Beach,3,,6,,Keep,,12,40.6,16.7,41.7,23,49.5,13.0,39.1,,,,,6,Keep,,natural_standard,50.64462,-4.76154,0.5,Trebarwith Strand is a tidal beach south of Tintagel where slate was once shipped from nearby quarries.,Live,North Cornwall,Tintagel,,"beach,tidal,slate,north coast",11/08/2026,Expansion batch 101-120; researched and reviewed before build.
107,King Harry Ferry,Landmark,3,2,6,4,Keep,,,,,,30,80.6,50.0,10.0,"Recommend moving from Round 3 to Round 2; players are finding it materially easier than its current round. Practice: 30 plays, avg 80.6, 50.0% scored 90+, 10.0% scored under 25.",,,,6,Keep,,landmark_standard,50.216825,-5.027966,0.45,The King Harry Ferry has carried traffic across the River Fal since 1888 and is one of England's few chain ferries.,Live,Mid Cornwall,,,"ferry,river fal,roseland,transport",11/08/2026,Expansion batch 101-120; target is the ferry crossing rather than either slipway.
108,Bodmin Beacon,Landmark,3,2,6,4,Keep,,13,79.9,46.2,0.0,25,73.0,36.0,0.0,"Recommend moving from Round 3 to Round 2; players are finding it materially easier than its current round. Daily: 13 plays, avg 79.9, 46.2% scored 90+, 0.0% scored under 25. Practice: 25 plays, avg 73.0, 36.0% scored 90+, 0.0% scored under 25.",,,,6,Keep,,landmark_standard,50.46524,-4.72419,0.5,"Bodmin Beacon is crowned by the 44-metre Gilbert Monument, built in memory of Sir Walter Raleigh Gilbert.",Live,Mid Cornwall,Bodmin,,"beacon,monument,landmark",11/08/2026,Expansion batch 101-120; target centred on Gilbert's Monument.
109,Lanhydrock House,Historic House,3,2,6,4,Keep,,,,,,34,73.1,38.2,5.9,"Recommend moving from Round 3 to Round 2; players are finding it materially easier than its current round. Practice: 34 plays, avg 73.1, 38.2% scored 90+, 5.9% scored under 25.",,,,6,Keep,,landmark_standard,50.440996,-4.698009,0.4,Much of Lanhydrock was rebuilt after a devastating fire in 1881 and the estate passed to the National Trust in 1954.,Live,Mid Cornwall,Lanhydrock,Lanhydrock,"historic house,national trust",11/08/2026,Expansion batch 101-120; researched and reviewed before build.
110,St Minver,Village,4,5,7,9,Keep,,,,,,37,32.0,10.8,56.8,"Recommend moving from Round 4 to Round 5; players are finding it materially harder than its current round. Practice: 37 plays, avg 32.0, 10.8% scored 90+, 56.8% scored under 25.",,,,7,Keep,,settlement_standard,50.55874,-4.87304,0.7,St Minver lies inland from the Camel Estuary and is the historic parish centre for the surrounding coastal area.,Live,North Cornwall,St Minver Highlands,,"settlement,north cornwall,camel estuary",11/08/2026,Expansion batch 101-120; researched and reviewed before build.
111,Delabole,Village,4,5,7,9,Keep,,64,31.1,18.8,62.5,44,18.6,4.5,72.7,"Recommend moving from Round 4 to Round 5; players are finding it materially harder than its current round. Daily: 64 plays, avg 31.1, 18.8% scored 90+, 62.5% scored under 25. Practice: 44 plays, avg 18.6, 4.5% scored 90+, 72.7% scored under 25.",,,,7,Keep,,settlement_standard,50.62318,-4.7319,0.9,"Delabole grew around its famous slate quarry, one of the best-known historic slate workings in Cornwall.",Live,North Cornwall,Delabole,,"settlement,slate,quarry,north cornwall",11/08/2026,Expansion batch 101-120; slightly larger settlement tolerance.
112,Dodman Point,Headland,4,,7,,Keep,,72,73.8,41.7,1.4,40,49.7,17.5,12.5,,,,,7,Keep,,natural_remote,50.220483,-4.801571,0.5,"Dodman Point is a prominent headland on Cornwall's south coast, projecting into Veryan Bay.",Live,Mid Cornwall,St Goran,The Dodman,"headland,south coast,roseland",11/08/2026,Expansion batch 101-120; researched and reviewed before build.
113,Holywell Bay,Beach,3,2,5,4,Keep,,,,,,21,77.4,47.6,4.8,"Recommend moving from Round 3 to Round 2; players are finding it materially easier than its current round. Practice: 21 plays, avg 77.4, 47.6% scored 90+, 4.8% scored under 25.",,,,5,Keep,,natural_standard,50.387045,-5.141315,1.2,Holywell Bay is known for the twin offshore Gull Rocks and a cave associated with the bay's 'holy well'.,Live,Mid Cornwall,Cubert,,"beach,bay,gull rocks,north coast",11/08/2026,Expansion batch 101-120; target is the bay/beach area.
114,Gorran Haven,Village,3,4,6,7,Keep,,13,18.1,15.4,76.9,24,45.5,33.3,50.0,"Recommend moving from Round 3 to Round 4; players are finding it materially harder than its current round. Daily: 13 plays, avg 18.1, 15.4% scored 90+, 76.9% scored under 25. Practice: 24 plays, avg 45.5, 33.3% scored 90+, 50.0% scored under 25.",,,,6,Keep,,settlement_standard,50.24124,-4.792416,1.0,Gorran Haven is a sheltered fishing village on Cornwall's south coast with a small harbour and sandy beach.,Live,Mid Cornwall,St Goran,,"settlement,harbour,south coast",11/08/2026,Expansion batch 101-120; researched and reviewed before build.
115,St Breward,Village,4,,8,,Keep,,99,44.1,13.1,41.4,46,27.9,10.9,58.7,,,,,8,Keep,,settlement_standard,50.55649,-4.69175,0.7,"St Breward is a granite village on the western edge of Bodmin Moor, close to extensive moorland quarries.",Live,North Cornwall,St Breward,,"settlement,bodmin moor,granite",11/08/2026,Expansion batch 101-120; researched and reviewed before build.
116,Blisland,Village,5,,9,,Keep,,,,,,22,34.1,4.5,54.5,,,,,9,Keep,,settlement_standard,50.528038,-4.683309,0.7,Blisland is a moorland-edge village centred on a large village green.,Live,North Cornwall,Blisland,,"settlement,bodmin moor,village green",11/08/2026,Expansion batch 101-120; researched and reviewed before build.
117,St Kew,Village,4,5,8,9,Keep,,47,33.0,19.1,57.4,47,21.3,2.1,68.1,"Recommend moving from Round 4 to Round 5; players are finding it materially harder than its current round. Daily: 47 plays, avg 33.0, 19.1% scored 90+, 57.4% scored under 25. Practice: 47 plays, avg 21.3, 2.1% scored 90+, 68.1% scored under 25.",,,,8,Keep,,settlement_standard,50.5576,-4.794,0.7,St Kew is an inland North Cornwall village known for its medieval parish church and rural setting east of Wadebridge.,Live,North Cornwall,St Kew,,"settlement,north cornwall",11/08/2026,Expansion batch 101-120; researched and reviewed before build.
118,Portscatho,Village,3,4,6,7,Keep,,,,,,29,41.2,24.1,44.8,"Recommend moving from Round 3 to Round 4; players are finding it materially harder than its current round. Practice: 29 plays, avg 41.2, 24.1% scored 90+, 44.8% scored under 25.",,,,6,Keep,,settlement_standard,50.179169,-4.975798,0.7,Portscatho is a former pilchard-fishing village on the Roseland Peninsula with a small harbour on Gerrans Bay.,Live,Mid Cornwall,Gerrans,,"settlement,harbour,roseland,south coast",11/08/2026,Expansion batch 101-120; researched and reviewed before build.
119,Davidstow,Village,4,5,8,9,Keep,,153,39.0,17.6,45.8,46,32.4,17.4,52.2,"Recommend moving from Round 4 to Round 5; players are finding it materially harder than its current round. Daily: 153 plays, avg 39.0, 17.6% scored 90+, 45.8% scored under 25. Practice: 46 plays, avg 32.4, 17.4% scored 90+, 52.2% scored under 25.",,,,8,Keep,,settlement_standard,50.65342,-4.61262,1.5,Davidstow is a moorland village known for its former Second World War RAF airfield and nearby cheese creamery.,Live,North Cornwall,Davidstow,,"settlement,airfield,bodmin moor",11/08/2026,Expansion batch 101-120; researched and reviewed before build.
120,Colliford Reservoir,Reservoir,4,3,7,6,Keep,,,,,,40,79.2,60.0,7.5,"Recommend moving from Round 4 to Round 3; players are finding it materially easier than its current round. Practice: 40 plays, avg 79.2, 60.0% scored 90+, 7.5% scored under 25.",,,,7,Keep,,natural_remote,50.523611,-4.575833,2.0,Colliford Lake is a major reservoir on Bodmin Moor with a surface area of about 3.8 square kilometres.,Live,East Cornwall,St Neot,Colliford Lake,"reservoir,bodmin moor,water",11/08/2026,Expansion batch 101-120; generous tolerance because the target is a large water body.
121,Gurnard's Head,Headland,4,,8,,Keep,,71,61.2,36.6,23.9,35,52.2,20.0,25.7,,,,,8,Keep,,natural_remote,50.1916,-5.59922,0.5,Gurnard's Head is a narrow West Penwith headland containing the Iron Age promontory fort of Trereen Dinas.,Live,West Cornwall,Zennor,,,25/08/2026,v5 candidate; nearest existing: Zennor (2.3 km). Other new candidates within 15 km: Portheras Cove (5.2 km). Source: https://www.wikidata.org/wiki/Q24641351. Local marker/gameplay check required before changing Status to Live.
122,Prussia Cove,Cove,4,3,7,6,Keep,,152,71.5,40.1,11.8,28,62.3,25.0,17.9,"Recommend moving from Round 4 to Round 3; players are finding it materially easier than its current round. Daily: 152 plays, avg 71.5, 40.1% scored 90+, 11.8% scored under 25. Practice: 28 plays, avg 62.3, 25.0% scored 90+, 17.9% scored under 25.",,,,7,Keep,,natural_remote,50.10151,-5.41829,1.5,"Prussia Cove is a small group of coves on Mount's Bay associated with the smuggler John Carter, known as the King of Prussia.",Live,West Cornwall,St Hilary,,,25/08/2026,v5 candidate; nearest existing: Perranuthnoe (2.4 km). Other new candidates within 15 km: Poldhu Cove (13.5 km); Tregonning Hill (4.7 km). Source: https://www.wikidata.org/wiki/Q2856613. Local marker/gameplay check required before changing Status to Live.
123,Portheras Cove,Cove,4,,8,,Keep,,43,56.5,23.3,16.3,32,43.5,3.1,25.0,,,,,8,Keep,,natural_remote,50.16425,-5.65846,0.5,"Portheras Cove is a remote north-coast beach near Pendeen, tucked beneath rugged West Penwith cliffs.",Live,West Cornwall,,,,25/08/2026,v5 candidate; nearest existing: Geevor Tin Mine (1.8 km). Other new candidates within 15 km: Gurnard's Head (5.2 km). Source: https://mapcarta.com/W204517729. Local marker/gameplay check required before changing Status to Live.
124,Poldhu Cove,Cove,3,,6,,Keep,,,,,,18,61.6,27.8,11.1,,,,,6,Keep,,natural_standard,50.033859,-5.261472,0.6,Poldhu Cove lies on the Lizard Peninsula beside the site from which Marconi transmitted a pioneering transatlantic wireless signal in 1901.,Live,West Cornwall,Mullion,,,25/08/2026,v5 candidate; nearest existing: Mullion (1.6 km). Other new candidates within 15 km: Prussia Cove (13.5 km); Tregonning Hill (12.1 km); Mawnan Smith (14.5 km). Source: https://en.wikipedia.org/wiki/Poldhu. Local marker/gameplay check required before changing Status to Live.
125,Hemmick Beach,Beach,4,,7,,Keep,,69,66.2,31.9,10.1,28,72.1,39.3,7.1,,,,,7,Keep,,natural_remote,50.230213,-4.813106,0.6,"Hemmick is a remote south-coast beach west of Dodman Point, reached through the rural landscape around Gorran Haven.",Live,Mid Cornwall,St Goran,,,25/08/2026,v5 candidate; nearest existing: Dodman Point (1.3 km). Other new candidates within 15 km: Nare Head (8.5 km); Grampound (9.9 km); Sticker (10.0 km); Veryan (7.9 km); Probus (12.0 km). Source: https://pure.plymouth.ac.uk/ws/portalfiles/portal/38396594/2015EARLIE775648PHD.pdf. Local marker/gameplay check required before changing Status to Live.
126,Nare Head,Headland,4,,8,,Keep,,45,65.8,28.9,8.9,37,63.6,24.3,5.4,,,,,8,Keep,,natural_remote,50.19532,-4.92143,0.7,Nare Head is the prominent headland forming the eastern side of Gerrans Bay on the Roseland Peninsula.,Live,Mid Cornwall,Veryan,,,25/08/2026,v5 candidate; nearest existing: Portscatho (4.3 km). Other new candidates within 15 km: Hemmick Beach (8.5 km); Grampound (11.6 km); Sticker (14.7 km); Veryan (2.6 km); Probus (11.0 km). Source: https://britishplacenames.uk/nare-head-cornwall-sw916370/maps. Local marker/gameplay check required before changing Status to Live.
127,Lantic Bay,Bay,4,,7,,Keep,,31,66.2,38.7,9.7,26,47.0,7.7,26.9,,,,,7,Keep,,natural_remote,50.32593,-4.60864,0.7,Lantic Bay is a secluded sandy bay on the south-east Cornwall coast between Fowey and Polperro.,Live,East Cornwall,Lanteglos-by-Fowey,,,25/08/2026,v5 candidate; nearest existing: Polruan (1.9 km). Other new candidates within 15 km: Helman Tor (13.6 km); Talland Bay (8.4 km); Looe Island (11.3 km); Lerryn (6.4 km); Lanreath (6.5 km); Pelynt (7.4 km). Source: https://britishplacenames.uk/lantic-bay-cornwall-sx144506/maps. Local marker/gameplay check required before changing Status to Live.
128,Duckpool Beach,Beach,5,,9,,Keep,,,,,,18,18.4,0.0,83.3,,,,,9,Keep,,natural_remote,50.87521,-4.55918,0.8,Duckpool is a remote beach north of Bude where a wooded valley reaches the Atlantic beneath high cliffs.,Live,North Cornwall,Morwenstow,,,25/08/2026,v5 candidate; nearest existing: Bude Sea Pool (4.7 km). Other new candidates within 15 km: Morwenstow (3.6 km). Source: https://www.wikidata.org/wiki/Q124358272. Local marker/gameplay check required before changing Status to Live.
129,Bossiney Cove,Cove,5,,9,,Keep,,,,,,12,28.0,0.0,41.7,,,,,9,Keep,,natural_remote,50.672013,-4.737949,0.5,"Bossiney Cove is a small tidal cove just east of Tintagel, backed by dramatic cliffs and caves.",Live,North Cornwall,Tintagel,,,25/08/2026,v5 candidate; nearest existing: Tintagel Castle (1.5 km). Source: https://gazetteer.org.uk/place/Bossiney_Haven%2C_Cornwall_259825. Local marker/gameplay check required before changing Status to Live.
130,The Rumps,Headland,4,,7,,Keep,,,,,,29,54.7,13.8,17.2,,,,,7,Keep,,natural_remote,50.592734,-4.920418,0.6,"The Rumps are a distinctive twin headland on Pentire Point, containing the remains of an Iron Age promontory fort.",Live,North Cornwall,St Minver Highlands,,,25/08/2026,v5 candidate; nearest existing: Polzeath (2.2 km). Other new candidates within 15 km: St Merryn (9.0 km). Source: https://hillforts.arch.ox.ac.uk/records/EN0654.html. Local marker/gameplay check required before changing Status to Live.
131,Mount Edgcumbe House,Historic Estate,3,,6,,Keep,,,,,,19,64.7,26.3,21.1,,,,,6,Keep,,landmark_standard,50.35861,-4.17222,0.5,Mount Edgcumbe is a historic country estate overlooking Plymouth Sound and the lower Tamar from south-east Cornwall.,Live,East Cornwall,Maker-with-Rame,,,25/08/2026,v5 candidate; nearest existing: Millbrook (3.4 km). Source: https://historicengland.org.uk/listing/the-list/list-entry/1000134. Local marker/gameplay check required before changing Status to Live.
132,Helman Tor,Natural Feature,4,,8,,Keep,,,,,,36,65.0,11.1,5.6,,,,,8,Keep,,natural_remote,50.421772,-4.728876,0.5,"Helman Tor is a granite hill and tor near Lanlivery, rising above the Mid Cornwall Moors and china-clay country.",Live,Mid Cornwall,Lanlivery,,,25/08/2026,v5 candidate; nearest existing: Lanhydrock House (3.1 km). Other new candidates within 15 km: Lantic Bay (13.6 km); Sticker (14.1 km); Lerryn (9.0 km); Lanreath (13.0 km). Source: https://en.wikipedia.org/wiki/Helman_Tor. Local marker/gameplay check required before changing Status to Live.
133,Tregonning Hill,Natural Feature,5,,9,,Keep,,,,,,10,51.4,10.0,30.0,,,,,9,Keep,,natural_remote,50.1218,-5.35977,0.8,Tregonning Hill is a granite hill overlooking Mount's Bay with a long history of mining and china-stone extraction.,Live,West Cornwall,Germoe,,,25/08/2026,v5 candidate; nearest existing: Porthleven (5.1 km). Other new candidates within 15 km: Prussia Cove (4.7 km); Poldhu Cove (12.1 km); Stithians Reservoir (13.5 km). Source: https://sac.jncc.gov.uk/site/UK0012604. Local marker/gameplay check required before changing Status to Live.
134,Talland Bay,Bay,3,,6,,Keep,,43,59.3,25.6,25.6,21,45.1,23.8,42.9,,,,,6,Keep,,natural_standard,50.337355,-4.497323,0.7,Talland Bay is a sheltered south-east Cornwall bay lying on the coast between Looe and Polperro.,Live,East Cornwall,Lansallos,,,25/08/2026,v5 candidate; nearest existing: Polperro Harbour (1.8 km). Other new candidates within 15 km: Lantic Bay (8.4 km); Looe Island (3.0 km); Lerryn (10.5 km); Lanreath (6.8 km); Pelynt (4.5 km); Menheniot (13.2 km). Source: https://gazetteer.org.uk/place/Talland_Bay%2C_Cornwall_260119. Local marker/gameplay check required before changing Status to Live.
135,Stithians Reservoir,Reservoir,2,,4,,Keep,,32,73.5,59.4,12.5,30,73.0,50.0,13.3,,,,,4,Keep,,natural_standard,50.18319,-5.19662,1.0,"Stithians Reservoir is a large inland reservoir west of Falmouth, created to supply water to the surrounding area.",Live,Mid Cornwall,Stithians,,,25/08/2026,v5 candidate; nearest existing: Carn Brea Castle (5.6 km). Other new candidates within 15 km: Tregonning Hill (13.5 km); Mawnan Smith (9.6 km). Source: https://www.wikidata.org/wiki/Q7372607. Local marker/gameplay check required before changing Status to Live.
136,Looe Island,Island,2,1,4,2,Keep,,,,,,23,83.3,65.2,4.3,"Recommend moving from Round 2 to Round 1; players are finding it materially easier than its current round. Practice: 23 plays, avg 83.3, 65.2% scored 90+, 4.3% scored under 25.",,,,4,Keep,,natural_standard,50.33721,-4.4498,0.6,Looe Island lies just offshore from Hannafore and is managed as a nature reserve by Cornwall Wildlife Trust.,Live,East Cornwall,Looe,,,25/08/2026,v5 candidate; nearest existing: Looe Harbour (1.9 km). Other new candidates within 15 km: Lantic Bay (11.3 km); Talland Bay (3.0 km); Lerryn (12.9 km); Lanreath (9.0 km); Pelynt (6.5 km); Menheniot (11.8 km). Source: https://www.wikidata.org/wiki/Q4618058. Local marker/gameplay check required before changing Status to Live.
137,Kit Hill,Natural Feature,4,,7,,Keep,,,,,,30,61.0,20.0,13.3,,,,,7,Keep,,natural_remote,50.519332,-4.292918,0.6,"Kit Hill is a prominent 334-metre hill above Callington, crowned by a former mine chimney and communications masts.",Live,East Cornwall,Callington,,,25/08/2026,v5 candidate; nearest existing: Dupath Well (2.1 km). Other new candidates within 15 km: Calstock (6.6 km); Lewannick (13.6 km); Menheniot (12.1 km). Source: https://en.wikipedia.org/wiki/Kit_Hill. Local marker/gameplay check required before changing Status to Live.
138,Calstock,Village,4,5,7,9,Keep,,,,,,25,24.4,8.0,64.0,"Recommend moving from Round 4 to Round 5; players are finding it materially harder than its current round. Practice: 25 plays, avg 24.4, 8.0% scored 90+, 64.0% scored under 25.",,,,7,Keep,,settlement_standard,50.49608,-4.20636,0.8,"Calstock is a riverside village on the Tamar, overlooked by the tall railway viaduct carrying the Tamar Valley Line.",Live,East Cornwall,Calstock,,,25/08/2026,v5 candidate; nearest existing: Cotehele House (1.3 km). Other new candidates within 15 km: Kit Hill (6.6 km). Source: https://www.getthedata.com/calstock/where-is-calstock. Local marker/gameplay check required before changing Status to Live.
139,Grampound,Village,3,,5,,Keep,,35,69.1,42.9,17.1,25,55.4,28.0,28.0,,,,,5,Keep,,settlement_standard,50.298877,-4.900183,0.8,Grampound grew around an ancient crossing of the River Fal and was historically a chartered borough and market town.,Live,Mid Cornwall,Grampound with Creed,,,25/08/2026,v5 candidate; nearest existing: St Austell (8.7 km). Other new candidates within 15 km: Hemmick Beach (9.9 km); Nare Head (11.6 km); Sticker (4.7 km); Veryan (9.1 km); Probus (3.7 km). Source: https://en.wikipedia.org/wiki/Grampound. Local marker/gameplay check required before changing Status to Live.
140,Sticker,Village,3,2,6,4,Keep,,,,,,17,74.0,47.1,11.8,"Recommend moving from Round 3 to Round 2; players are finding it materially easier than its current round. Practice: 17 plays, avg 74.0, 47.1% scored 90+, 11.8% scored under 25.",,,,6,Keep,,settlement_standard,50.317442,-4.840903,0.7,Sticker is a former mining village south-west of St Austell that grew to house workers from nearby mines.,Live,Mid Cornwall,St Mewan,,,25/08/2026,v5 candidate; nearest existing: St Austell (4.0 km). Other new candidates within 15 km: Hemmick Beach (10.0 km); Nare Head (14.7 km); Helman Tor (14.1 km); Grampound (4.7 km); Veryan (12.5 km); Probus (8.3 km). Source: https://en.wikipedia.org/wiki/Sticker%2C_Cornwall. Local marker/gameplay check required before changing Status to Live.
141,Veryan,Village,3,,6,,Keep,,,,,,11,55.7,27.3,36.4,,,,,6,Keep,,settlement_standard,50.21859,-4.92467,0.7,Veryan is a Roseland village known for its distinctive nineteenth-century round houses.,Live,Mid Cornwall,Veryan,,,25/08/2026,v5 candidate; nearest existing: Portscatho (5.7 km). Other new candidates within 15 km: Hemmick Beach (7.9 km); Nare Head (2.6 km); Grampound (9.1 km); Sticker (12.5 km); Probus (8.4 km). Source: https://www.getthedata.com/veryan/where-is-veryan. Local marker/gameplay check required before changing Status to Live.
142,Lerryn,Village,3,,6,,Keep,,,,,,15,44.2,20.0,40.0,,,,,6,Keep,,settlement_standard,50.3834,-4.6173,0.7,"Lerryn is a creekside village on a tidal tributary of the River Fowey, with stepping stones crossing the river at low tide.",Live,Mid Cornwall,St Veep,,,25/08/2026,v5 candidate; nearest existing: Lostwithiel (4.6 km). Other new candidates within 15 km: Lantic Bay (6.4 km); Helman Tor (9.0 km); Talland Bay (10.5 km); Looe Island (12.9 km); Lanreath (4.1 km); Pelynt (6.6 km). Source: https://en.wikipedia.org/wiki/Lerryn. Local marker/gameplay check required before changing Status to Live.
143,St Merryn,Village,4,5,7,9,Keep,,,,,,26,33.6,23.1,61.5,"Recommend moving from Round 4 to Round 5; players are finding it materially harder than its current round. Practice: 26 plays, avg 33.6, 23.1% scored 90+, 61.5% scored under 25.",,,,7,Keep,,settlement_standard,50.5259,-4.99111,0.8,St Merryn is a village south-west of Padstow at the centre of a parish containing several well-known north-coast beaches.,Live,North Cornwall,St Merryn,,,25/08/2026,v5 candidate; nearest existing: Trevose Head Lighthouse (4.0 km). Other new candidates within 15 km: The Rumps (9.0 km). Source: https://www.getthedata.com/st-merryn/where-is-st-merryn. Local marker/gameplay check required before changing Status to Live.
144,Probus,Village,3,,5,,Keep,,,,,,18,44.3,16.7,44.4,,,,,5,Keep,,settlement_standard,50.29243,-4.95117,0.8,Probus is a large inland village east of Truro whose parish church has one of the tallest towers in Cornwall.,Live,Mid Cornwall,Probus,,,25/08/2026,v5 candidate; nearest existing: Truro Cathedral (7.8 km). Other new candidates within 15 km: Hemmick Beach (12.0 km); Nare Head (11.0 km); Grampound (3.7 km); Sticker (8.3 km); Veryan (8.4 km). Source: https://www.wikidata.org/wiki/Q7247073. Local marker/gameplay check required before changing Status to Live.
145,Morwenstow,Village,4,5,7,9,Keep,,,,,,41,6.7,0.0,90.2,"Recommend moving from Round 4 to Round 5; players are finding it materially harder than its current round. Practice: 41 plays, avg 6.7, 0.0% scored 90+, 90.2% scored under 25.",,,,7,Keep,,settlement_standard,50.90745,-4.5501,0.7,"Morwenstow is Cornwall's northernmost parish village, close to the dramatic Atlantic cliffs near the Devon border.",Live,North Cornwall,Morwenstow,,,25/08/2026,v5 candidate; nearest existing: Kilkhampton (5.9 km). Other new candidates within 15 km: Duckpool Beach (3.6 km). Source: https://www.getthedata.com/morwenstow/where-is-morwenstow. Local marker/gameplay check required before changing Status to Live.
146,Lewannick,Village,4,5,7,9,Keep,,,,,,28,14.5,3.6,78.6,"Recommend moving from Round 4 to Round 5; players are finding it materially harder than its current round. Practice: 28 plays, avg 14.5, 3.6% scored 90+, 78.6% scored under 25.",,,,7,Keep,,settlement_standard,50.59931,-4.43779,0.8,Lewannick is an inland village in the Inny valley a few miles south-west of Launceston.,Live,East Cornwall,Lewannick,,,25/08/2026,v5 candidate; nearest existing: Altarnun (5.2 km). Other new candidates within 15 km: Kit Hill (13.6 km). Source: https://www.getthedata.com/lewannick/where-is-lewannick. Local marker/gameplay check required before changing Status to Live.
147,Lanreath,Village,4,,7,,Keep,,,,,,33,42.5,15.2,42.4,,,,,7,Keep,,settlement_standard,50.384216,-4.560876,0.7,Lanreath is a small inland village in south-east Cornwall between the Fowey and Looe valleys.,Live,East Cornwall,Lanreath,,,25/08/2026,v5 candidate; nearest existing: Polperro Harbour (5.8 km). Other new candidates within 15 km: Lantic Bay (6.5 km); Helman Tor (13.0 km); Talland Bay (6.8 km); Looe Island (9.0 km); Lerryn (4.1 km); Pelynt (2.5 km); Menheniot (12.9 km). Source: https://www.wikidata.org/wiki/Q2433872. Local marker/gameplay check required before changing Status to Live.
148,Pelynt,Village,4,,7,,Keep,,,,,,28,40.1,17.9,46.4,,,,,7,Keep,,settlement_standard,50.36759,-4.52731,0.8,Pelynt is an inland village north of Polperro centred on the parish church of St Nun.,Live,East Cornwall,Pelynt,,,25/08/2026,v5 candidate; nearest existing: Polperro Harbour (4.1 km). Other new candidates within 15 km: Lantic Bay (7.4 km); Talland Bay (4.5 km); Looe Island (6.5 km); Lerryn (6.6 km); Lanreath (2.5 km); Menheniot (11.6 km). Source: https://www.getthedata.com/pelynt/where-is-pelynt. Local marker/gameplay check required before changing Status to Live.
149,Mawnan Smith,Village,4,,7,,Keep,,,,,,29,42.6,17.2,44.8,,,,,7,Keep,,settlement_standard,50.117132,-5.110228,0.8,Mawnan Smith is a village south of Falmouth whose name reflects the smithies that once served farms in the surrounding parish.,Live,Mid Cornwall,Mawnan,,,25/08/2026,v5 candidate; nearest existing: Constantine (village) (4.6 km). Other new candidates within 15 km: Poldhu Cove (14.5 km); Stithians Reservoir (9.6 km). Source: https://en.wikipedia.org/wiki/Mawnan_Smith. Local marker/gameplay check required before changing Status to Live.
150,Menheniot,Village,4,5,7,9,Keep,,,,,,31,30.2,6.5,61.3,"Recommend moving from Round 4 to Round 5; players are finding it materially harder than its current round. Practice: 31 plays, avg 30.2, 6.5% scored 90+, 61.3% scored under 25.",,,,7,Keep,,settlement_standard,50.440508,-4.41023,0.8,"Menheniot is an inland village south-east of Liskeard, centred on the parish church of St Lalluwy.",Live,East Cornwall,Menheniot,,,25/08/2026,v5 candidate; nearest existing: Liskeard (4.2 km). Other new candidates within 15 km: Talland Bay (13.2 km); Looe Island (11.8 km); Kit Hill (12.1 km); Lanreath (12.9 km); Pelynt (11.6 km). Source: https://en.wikipedia.org/wiki/Menheniot. Local marker/gameplay check required before changing Status to Live.
151,Fistral Beach,Beach,1,,1,,Draft / test,,,,,,,,,,,,,,1,Draft / test,"New expansion candidate; verify target marker, tolerance and gameplay locally before live deployment.",natural_standard,50.41645,-5.10235,0.8,Fistral Beach is one of Britain's best-known surfing beaches and hosts major surf competitions.,Live,Mid Cornwall,Newquay,,beach; surfing; Newquay; north coast,28/08/2026,Expansion 151-200 draft; source: https://en.wikipedia.org/wiki/Fistral_Beach; nearest existing: Crantock (1.7 km). Local marker/gameplay check required before changing Status to Live.
152,Watergate Bay,Bay,1,,2,,Draft / test,,,,,,6,63.3,50.0,33.3,,,,,2,Draft / test,"New expansion candidate; verify target marker, tolerance and gameplay locally before live deployment.",natural_standard,50.444813,-5.044793,1.5,Watergate Bay is a long Atlantic beach north of Newquay that is popular for surfing and other watersports.,Live,Mid Cornwall,,Porth Tregoryan,bay; beach; surfing; north coast,28/08/2026,Expansion 151-200 draft; source: https://mapcarta.com/17615064; nearest existing: Mawgan Porth (1.4 km). Local marker/gameplay check required before changing Status to Live.
153,Summerleaze Beach,Beach,3,,5,,Draft / test,,,,,,,,,,,,,,5,Draft / test,"New expansion candidate; verify target marker, tolerance and gameplay locally before live deployment.",natural_standard,50.83093,-4.55268,0.9,Summerleaze Beach lies beside Bude town centre and is home to the semi-natural Bude Sea Pool.,Live,North Cornwall,Bude-Stratton,,beach; Bude; sea pool; north coast,28/08/2026,Expansion 151-200 draft; source: https://mapcarta.com/W176873822; nearest existing: Bude Sea Pool (0.2 km). Local marker/gameplay check required before changing Status to Live.
154,Botallack Mine – The Crowns,Mining Heritage,3,,6,,Draft / test,,,,,,,,,,,,,,6,Draft / test,"New expansion candidate; verify target marker, tolerance and gameplay locally before live deployment.",landmark_standard,50.1431,-5.6932,0.35,The Crowns engine houses at Botallack stand dramatically on the cliffs above former mine workings that extended beneath the sea.,Live,West Cornwall,St Just,The Crowns; Crown Mines; Botallack Crowns,mining; engine houses; World Heritage Site; west Cornwall,28/08/2026,Expansion 151-200 draft; source: https://commons.wikimedia.org/wiki/Category:Crown_Mines; nearest existing: Levant Mine (1.2 km). Local marker/gameplay check required before changing Status to Live.
155,Chapel Porth,Beach,3,,5,,Draft / test,,,,,,,,,,,,,,5,Draft / test,"New expansion candidate; verify target marker, tolerance and gameplay locally before live deployment.",natural_standard,50.300882,-5.235263,0.6,Chapel Porth is a narrow-valley beach on the St Agnes Heritage Coast below the mining landscape around Wheal Coates.,Live,Mid Cornwall,St Agnes,Chapel Porth Beach,beach; St Agnes; mining coast; north coast,28/08/2026,Expansion 151-200 draft; source: https://www.britishplacenames.uk/chapel-porth-cornwall-sw695495; nearest existing: Wheal Coates (0.7 km). Local marker/gameplay check required before changing Status to Live.
156,Porth Joke (Polly Joke),Beach,3,,5,,Draft / test,,,,,,,,,,,,,,5,Draft / test,"New expansion candidate; verify target marker, tolerance and gameplay locally before live deployment.",natural_standard,50.40311,-5.1383,0.6,Porth Joke is a sandy cove between Crantock and Holywell Bay and is widely known locally as Polly Joke.,Live,Mid Cornwall,Cubert,Polly Joke; Porth Joke,beach; cove; Crantock; north coast,28/08/2026,"Expansion 151-200 draft; source: https://gazetteer.org.uk/place/Porth_Joke,_Cornwall_259208; nearest existing: Holywell Bay (1.8 km). Local marker/gameplay check required before changing Status to Live."
157,Port Gaverne,Village,3,,5,,Draft / test,,,,,,,,,,,,,,5,Draft / test,"New expansion candidate; verify target marker, tolerance and gameplay locally before live deployment.",settlement_standard,50.59251,-4.82231,0.6,Port Gaverne is a small former fishing settlement in a sheltered cove immediately east of Port Isaac.,Live,North Cornwall,St Endellion,Portgaverne,settlement; fishing; cove; north coast,28/08/2026,"Expansion 151-200 draft; source: https://gazetteer.org.uk/place/Port_Gaverne,_Cornwall_36538; nearest existing: Port Isaac Harbour (0.8 km). Local marker/gameplay check required before changing Status to Live."
158,Cawsand,Village,2,,4,,Draft / test,,,,,,,,,,,,,,4,Draft / test,"New expansion candidate; verify target marker, tolerance and gameplay locally before live deployment.",settlement_standard,50.331302,-4.202089,0.6,Cawsand is one of the twin villages of Cawsand and Kingsand on the Rame Peninsula overlooking Plymouth Sound.,Live,East Cornwall,Maker-with-Rame,Porthbugh,settlement; Rame Peninsula; Plymouth Sound,28/08/2026,Expansion 151-200 draft; source: https://www.getthedata.com/cawsand/where-is-cawsand; nearest existing: Millbrook (1.9 km). Local marker/gameplay check required before changing Status to Live.
159,Portwrinkle,Village,3,,5,,Draft / test,,,,,,,,,,,,,,5,Draft / test,"New expansion candidate; verify target marker, tolerance and gameplay locally before live deployment.",settlement_standard,50.36165,-4.31129,0.7,Portwrinkle is a small coastal village at the western end of Whitsand Bay with a historic fishing harbour.,Live,East Cornwall,Sheviock,,settlement; harbour; Whitsand Bay; south coast,28/08/2026,"Expansion 151-200 draft; source: https://gazetteer.org.uk/place/Portwrinkle,_Cornwall_36643; nearest existing: St Germans (3.7 km). Local marker/gameplay check required before changing Status to Live."
160,Bryher,Island,3,,5,,Draft / test,,,,,,,,,,,,,,5,Draft / test,"New expansion candidate; verify target marker, tolerance and gameplay locally before live deployment.",natural_remote,49.95449,-6.35572,1.0,Bryher is one of the smallest inhabited Isles of Scilly and lies immediately west of Tresco.,Live,Isles of Scilly,Bryher,,island; Isles of Scilly; inhabited island,28/08/2026,Expansion 151-200 draft; source: https://mapcarta.com/17654580; nearest existing: Tresco (1.6 km). Local marker/gameplay check required before changing Status to Live.
161,"Church Cove, Gunwalloe",Cove,3,,5,,Draft / test,,,,,,,,,,,,,,5,Draft / test,"New expansion candidate; verify target marker, tolerance and gameplay locally before live deployment.",natural_standard,50.03806,-5.26778,0.6,"Church Cove at Gunwalloe is named for St Winwaloe's Church, which stands immediately beside the beach.",Live,West Cornwall,Gunwalloe,Gunwalloe Church Cove; Church Cove,cove; beach; Gunwalloe; Lizard Peninsula,28/08/2026,Expansion 151-200 draft; source: https://mapcarta.com/W221913963; nearest existing: Poldhu Cove (0.6 km). Local marker/gameplay check required before changing Status to Live.
162,Porth Nanven,Cove,4,,8,,Draft / test,,,,,,,,,,,,,,8,Draft / test,"New expansion candidate; verify target marker, tolerance and gameplay locally before live deployment.",natural_remote,50.119166,-5.700712,0.5,Porth Nanven lies at the seaward end of the Cot Valley near St Just and is known for its rounded granite boulders.,Live,West Cornwall,St Just,Porth Nanvern; Cot Valley,cove; beach; Cot Valley; west Cornwall,28/08/2026,Expansion 151-200 draft; source: https://www.wikidata.org/wiki/Q7231741; nearest existing: Cape Cornwall (1.3 km). Local marker/gameplay check required before changing Status to Live.
163,Porthgwarra,Village,4,,7,,Draft / test,,,,,,,,,,,,,,7,Draft / test,"New expansion candidate; verify target marker, tolerance and gameplay locally before live deployment.",settlement_standard,50.037737,-5.67237,0.6,Porthgwarra is a tiny coastal settlement and former fishing cove between Land’s End and Porthcurno.,Live,West Cornwall,St Levan,Porthgorwydhow,settlement; cove; fishing; west Cornwall,28/08/2026,"Expansion 151-200 draft; source: https://gazetteer.org.uk/place/Porthgwarra,_Cornwall_36559; nearest existing: Minack Theatre (1.6 km). Local marker/gameplay check required before changing Status to Live."
164,St Nectan's Glen Waterfall,Natural Feature,4,,7,,Draft / test,,,,,,,,,,,,,,7,Draft / test,"New expansion candidate; verify target marker, tolerance and gameplay locally before live deployment.",natural_remote,50.665104,-4.716934,0.5,St Nectan's Glen is a wooded valley near Tintagel containing the waterfall known as St Nectan's Kieve.,Live,North Cornwall,Tintagel,Glynn Nathan,valley; waterfall; Tintagel; woodland,28/08/2026,Expansion 151-200 draft; source: https://mapcarta.com/N5006006620; nearest existing: Bossiney Cove (1.3 km). Local marker/gameplay check required before changing Status to Live.
165,Siblyback Lake,Reservoir,2,,4,,Draft / test,,,,,,,,,,,,,,4,Draft / test,"New expansion candidate; verify target marker, tolerance and gameplay locally before live deployment.",natural_standard,50.510488,-4.491984,1.2,Siblyback Lake is a reservoir on Bodmin Moor surrounded by a popular walking and cycling route.,Live,East Cornwall,St Cleer,Siblyback Reservoir,reservoir; Bodmin Moor; water,28/08/2026,Expansion 151-200 draft; source: https://uklakes.ceh.ac.uk/detail.html?wbid=46262; nearest existing: King Doniert's Stone (2.6 km). Local marker/gameplay check required before changing Status to Live.
166,Antony House,Historic House,3,,6,,Draft / test,,,,,,,,,,,,,,6,Draft / test,"New expansion candidate; verify target marker, tolerance and gameplay locally before live deployment.",landmark_standard,50.38527,-4.22722,0.4,Antony House is an early eighteenth-century country house overlooking the Lynher estuary on the Rame Peninsula.,Live,East Cornwall,Antony,,historic house; National Trust; Rame Peninsula,28/08/2026,Expansion 151-200 draft; source: https://historicengland.org.uk/listing/the-list/list-entry/1311081; nearest existing: Saltash (2.8 km). Local marker/gameplay check required before changing Status to Live.
167,"St Agnes, Isles of Scilly",Island,3,,6,,Draft / test,,,,,,,,,,,,,,6,Draft / test,"New expansion candidate; verify target marker, tolerance and gameplay locally before live deployment.",natural_remote,49.89278,-6.34155,1.1,St Agnes is the southernmost populated island of the Isles of Scilly and is joined to Gugh by a sandbar at low tide.,Live,Isles of Scilly,St Agnes,St Agnes,island; Isles of Scilly; inhabited island,28/08/2026,Expansion 151-200 draft; source: https://mapcarta.com/17623420; nearest existing: Hugh Town (3.1 km). Local marker/gameplay check required before changing Status to Live.
168,Tregardock Beach,Beach,5,,10,,Draft / test,,,,,,,,,,,,,,10,Draft / test,"New expansion candidate; verify target marker, tolerance and gameplay locally before live deployment.",natural_remote,50.62405,-4.7706,0.6,Tregardock is a remote tidal beach on the north Cornwall coast between Tintagel and Port Isaac.,Live,North Cornwall,St Teath,Tregardock,beach; remote; north coast,28/08/2026,Expansion 151-200 draft; source: https://mapcarta.com/N281392493; nearest existing: Trebarwith Strand (2.4 km). Local marker/gameplay check required before changing Status to Live.
169,Hawker's Hut,Historic Building,5,,9,,Draft / test,,,,,,,,,,,,,,9,Draft / test,"New expansion candidate; verify target marker, tolerance and gameplay locally before live deployment.",landmark_remote,50.90699,-4.56326,0.25,Hawker's Hut was built into the cliffs by the poet and clergyman Robert Stephen Hawker using driftwood and shipwreck timber.,Live,North Cornwall,Morwenstow,,historic building; Morwenstow; cliff; Hawker,28/08/2026,Expansion 151-200 draft; source: https://historicengland.org.uk/listing/the-list/list-entry/1328568; nearest existing: Morwenstow (0.9 km). Local marker/gameplay check required before changing Status to Live.
170,Tregantle Fort,Historic Building,4,,8,,Draft / test,,,,,,,,,,,,,,8,Draft / test,"New expansion candidate; verify target marker, tolerance and gameplay locally before live deployment.",landmark_remote,50.3576,-4.2698,0.4,Tregantle Fort is a nineteenth-century Royal Commission fort built to defend the approaches to Plymouth.,Live,East Cornwall,Antony,,fort; military heritage; Whitsand Bay,28/08/2026,Expansion 151-200 draft; source: https://historicengland.org.uk/listing/the-list/list-entry/1159255; nearest existing: Millbrook (3.9 km). Local marker/gameplay check required before changing Status to Live.
171,Crowdy Reservoir,Reservoir,4,,7,,Draft / test,,,,,,,,,,,,,,7,Draft / test,"New expansion candidate; verify target marker, tolerance and gameplay locally before live deployment.",natural_remote,50.622476,-4.621874,1.5,Crowdy Reservoir lies on the northern edge of Bodmin Moor within an area valued for wildlife and open moorland.,Live,North Cornwall,,Crowdy Lake,reservoir; Bodmin Moor; wildlife; water,28/08/2026,Expansion 151-200 draft; source: https://www.swlakestrust.org.uk/crowdy; nearest existing: Rough Tor (2.6 km). Local marker/gameplay check required before changing Status to Live.
172,Samson,Island,4,,8,,Draft / test,,,,,,,,,,,,,,8,Draft / test,"New expansion candidate; verify target marker, tolerance and gameplay locally before live deployment.",natural_remote,49.9332,-6.3529,0.8,Samson is the largest uninhabited island of the Isles of Scilly and is formed by two prominent hills joined by a narrow isthmus.,Live,Isles of Scilly,Tresco,Enys Sampson,island; Isles of Scilly; uninhabited island,28/08/2026,"Expansion 151-200 draft; source: https://en.wikipedia.org/wiki/Samson,_Isles_of_Scilly; nearest existing: Tresco (2.8 km). Local marker/gameplay check required before changing Status to Live."
173,Nanjizal Beach,Beach,5,,9,,Draft / test,,,,,,,,,,,,,,9,Draft / test,"New expansion candidate; verify target marker, tolerance and gameplay locally before live deployment.",natural_remote,50.05361,-5.6925,0.5,Nanjizal is a remote beach on the far west coast of Cornwall between Land’s End and Porthgwarra.,Live,West Cornwall,St Levan,Nanjizal Bay,beach; remote; west Cornwall,28/08/2026,Expansion 151-200 draft; source: https://britishbeaches.uk/nanjizal-beach-cornwall-england/maps; nearest existing: Land's End (2.4 km). Local marker/gameplay check required before changing Status to Live.
174,Annet,Island,5,,10,,Draft / test,,,,,,,,,,,,,,10,Draft / test,"New expansion candidate; verify target marker, tolerance and gameplay locally before live deployment.",natural_remote,49.89551,-6.37203,0.7,Annet is an uninhabited Isles of Scilly island and an important seabird breeding site where landing is restricted.,Live,Isles of Scilly,St Agnes,Anet,island; Isles of Scilly; seabirds; uninhabited island,28/08/2026,Expansion 151-200 draft; source: https://mapcarta.com/17660246; nearest existing: Hugh Town (4.6 km). Local marker/gameplay check required before changing Status to Live.
175,Bude,Town,1,,2,,Draft / test,,,,,,,,,,,,,,2,Draft / test,"New expansion candidate; verify target marker, tolerance and gameplay locally before live deployment.",settlement_easy,50.82764,-4.54664,1.5,"Bude is a north Cornwall seaside town at the mouth of the River Neet, known for its beaches and canal.",Live,North Cornwall,Bude-Stratton,Porthbud,settlement; seaside town; north Cornwall,28/08/2026,"Expansion 151-200 draft; source: https://gazetteer.org.uk/place/Bude,_Cornwall_6721; nearest existing: Bude Sea Pool (0.8 km). Local marker/gameplay check required before changing Status to Live."
176,Penryn,Town,2,,3,,Draft / test,,,,,,,,,,,,,,3,Draft / test,"New expansion candidate; verify target marker, tolerance and gameplay locally before live deployment.",settlement_easy,50.1685,-5.1034,1.4,Penryn is a historic town on the Penryn River that was an important port before neighbouring Falmouth grew.,Live,Mid Cornwall,Penryn,Pennrynn,settlement; town; Penryn River,28/08/2026,Expansion 151-200 draft; source: https://mapcarta.com/Penryn; nearest existing: Flushing (2.4 km). Local marker/gameplay check required before changing Status to Live.
177,Torpoint,Town,2,,4,,Draft / test,,,,,,,,,,,,,,4,Draft / test,"New expansion candidate; verify target marker, tolerance and gameplay locally before live deployment.",settlement_standard,50.37618,-4.20114,1.0,Torpoint stands on the Cornish side of the Hamoaze opposite Devonport and is linked to Plymouth by chain ferries.,Live,East Cornwall,Torpoint,Penntorr,settlement; town; Tamar; ferry,28/08/2026,"Expansion 151-200 draft; source: https://gazetteer.org.uk/place/Torpoint,_Cornwall_45261; nearest existing: Mount Edgcumbe House (2.8 km). Local marker/gameplay check required before changing Status to Live."
178,St Blazey,Town,2,,4,,Draft / test,,,,,,,,,,,,,,4,Draft / test,"New expansion candidate; verify target marker, tolerance and gameplay locally before live deployment.",settlement_standard,50.36141,-4.7164,1.0,St Blazey is a small town near Par in the heart of Cornwall’s historic china-clay district.,Live,Mid Cornwall,St Blaise,St Blaise,settlement; town; china clay,28/08/2026,Expansion 151-200 draft; source: https://www.getthedata.com/st-blazey/where-is-st-blazey; nearest existing: Eden Project (2.0 km). Local marker/gameplay check required before changing Status to Live.
179,St Buryan,Village,4,,7,,Draft / test,,,,,,,,,,,,,,7,Draft / test,"New expansion candidate; verify target marker, tolerance and gameplay locally before live deployment.",settlement_standard,50.074693,-5.622631,0.8,St Buryan is a West Penwith village dominated by its large medieval parish church and situated west of Penzance.,Live,West Cornwall,"St Buryan, Lamorna and Paul",Eglosveryan,settlement; West Penwith; village,28/08/2026,Expansion 151-200 draft; source: https://www.getthedata.com/st-buryan/where-is-st-buryan; nearest existing: Porthcurno Beach (4.1 km). Local marker/gameplay check required before changing Status to Live.
180,Porthtowan,Village,3,,5,,Draft / test,,,,,,,,,,,,,,5,Draft / test,"New expansion candidate; verify target marker, tolerance and gameplay locally before live deployment.",settlement_standard,50.28494,-5.23917,0.6,Porthtowan is a north-coast village and surfing beach within Cornwall’s historic mining landscape.,Live,Mid Cornwall,St Agnes,,settlement; beach; surfing; north coast,28/08/2026,Expansion 151-200 draft; source: https://www.getthedata.com/porthtowan/where-is-porthtowan; nearest existing: Wheal Coates (2.3 km). Local marker/gameplay check required before changing Status to Live.
181,Kingsand,Village,2,,4,,Draft / test,,,,,,,,,,,,,,4,Draft / test,"New expansion candidate; verify target marker, tolerance and gameplay locally before live deployment.",settlement_standard,50.333303,-4.201518,0.7,Kingsand is one of the twin villages of Kingsand and Cawsand on the Rame Peninsula and was historically in Devon until 1844.,Live,East Cornwall,Maker-with-Rame,Porthruw,settlement; Rame Peninsula; Plymouth Sound,28/08/2026,Expansion 151-200 draft; source: https://www.getthedata.com/kingsand/where-is-kingsand; nearest existing: Millbrook (1.6 km). Local marker/gameplay check required before changing Status to Live.
182,Minions,Village,3,,5,,Draft / test,,,,,,,,,,,,,,5,Draft / test,"New expansion candidate; verify target marker, tolerance and gameplay locally before live deployment.",settlement_standard,50.514463,-4.454248,0.8,Minions is a high moorland village near the Hurlers stone circles and the Cheesewring on Bodmin Moor.,Live,East Cornwall,Linkinhorne,Menyon,settlement; Bodmin Moor; Hurlers; Cheesewring,28/08/2026,Expansion 151-200 draft; source: https://www.getthedata.com/minions/where-is-minions; nearest existing: The Hurlers (0.4 km). Local marker/gameplay check required before changing Status to Live.
183,Carbis Bay,Village,2,,3,,Draft / test,,,,,,,,,,,,,,3,Draft / test,"New expansion candidate; verify target marker, tolerance and gameplay locally before live deployment.",settlement_easy,50.1968,-5.4646,0.9,Carbis Bay is a seaside village immediately southeast of St Ives overlooking the western side of St Ives Bay.,Live,West Cornwall,St Ives,,settlement; seaside; St Ives Bay,28/08/2026,Expansion 151-200 draft; source: https://mapcarta.com/Carbis_Bay; nearest existing: St Ives (1.9 km). Local marker/gameplay check required before changing Status to Live.
184,Indian Queens,Village,2,,4,,Draft / test,,,,,,,,,,,,,,4,Draft / test,"New expansion candidate; verify target marker, tolerance and gameplay locally before live deployment.",settlement_standard,50.392713,-4.931847,1.5,Indian Queens is a village on the A30 west of Goss Moor whose name comes from a former coaching inn.,Live,Mid Cornwall,St Enoder,St Columb Road,settlement; A30; central Cornwall,28/08/2026,Expansion 151-200 draft; source: https://www.getthedata.com/indian-queens/where-is-indian-queens; nearest existing: St Columb Major (4.1 km). Local marker/gameplay check required before changing Status to Live.
185,Threemilestone,Village,2,,4,,Draft / test,,,,,,,,,,,,,,4,Draft / test,"New expansion candidate; verify target marker, tolerance and gameplay locally before live deployment.",settlement_standard,50.26343,-5.11462,0.9,Threemilestone is a large village approximately three miles west of Truro.,Live,Mid Cornwall,Kenwyn,,settlement; Truro area; village,28/08/2026,Expansion 151-200 draft; source: https://www.getthedata.com/threemilestone/where-is-threemilestone; nearest existing: Truro Cathedral (4.5 km). Local marker/gameplay check required before changing Status to Live.
186,Bugle,Village,3,,5,,Draft / test,,,,,,,,,,,,,,5,Draft / test,"New expansion candidate; verify target marker, tolerance and gameplay locally before live deployment.",settlement_standard,50.3962,-4.79369,0.8,Bugle developed in the nineteenth century alongside roads and tramways serving Cornwall’s china-clay industry.,Live,Mid Cornwall,Treverbyn,Carnsmerry,settlement; china clay; village,28/08/2026,Expansion 151-200 draft; source: https://www.getthedata.com/bugle/where-is-bugle; nearest existing: Roche Rock (2.5 km). Local marker/gameplay check required before changing Status to Live.
187,Tywardreath,Village,3,,5,,Draft / test,,,,,,,,,,,,,,5,Draft / test,"New expansion candidate; verify target marker, tolerance and gameplay locally before live deployment.",settlement_standard,50.35713,-4.69249,0.8,Tywardreath is a hilltop village near Par that featured in Daphne du Maurier’s novel The House on the Strand.,Live,Mid Cornwall,Tywardreath and Par,Ti War Dreth,settlement; village; Daphne du Maurier,28/08/2026,Expansion 151-200 draft; source: https://mapcarta.com/17616186; nearest existing: Eden Project (3.7 km). Local marker/gameplay check required before changing Status to Live.
188,St Dennis,Village,3,,5,,Draft / test,,,,,,,,,,,,,,5,Draft / test,"New expansion candidate; verify target marker, tolerance and gameplay locally before live deployment.",settlement_standard,50.38333,-4.88333,0.8,St Dennis is a hilltop village in the heart of mid-Cornwall’s china-clay country.,Live,Mid Cornwall,St Dennis,,settlement; china clay; village,28/08/2026,Expansion 151-200 draft; source: https://mapcarta.com/17623312; nearest existing: Roche Rock (4.4 km). Local marker/gameplay check required before changing Status to Live.
189,Stratton,Village,4,,7,,Draft / test,,,,,,,,,,,,,,7,Draft / test,"New expansion candidate; verify target marker, tolerance and gameplay locally before live deployment.",settlement_standard,50.829981,-4.516457,0.8,Stratton is a historic settlement just inland from Bude and was once more important than its coastal neighbour.,Live,North Cornwall,Bude-Stratton,,settlement; Bude area; historic village,28/08/2026,Expansion 151-200 draft; source: https://www.getthedata.com/stratton-ex23/where-is-stratton-ex23; nearest existing: Bude Sea Pool (2.9 km). Local marker/gameplay check required before changing Status to Live.
190,Carnon Downs,Village,3,,5,,Draft / test,,,,,,,,,,,,,,5,Draft / test,"New expansion candidate; verify target marker, tolerance and gameplay locally before live deployment.",settlement_standard,50.22267,-5.08509,0.8,Carnon Downs is a large village on the A39 between Truro and Falmouth.,Live,Mid Cornwall,Feock,,settlement; A39; village,28/08/2026,Expansion 151-200 draft; source: https://www.getthedata.com/carnon-downs/where-is-carnon-downs; nearest existing: King Harry Ferry (4.1 km). Local marker/gameplay check required before changing Status to Live.
191,Devoran,Village,3,,6,,Draft / test,,,,,,,,,,,,,,6,Draft / test,"New expansion candidate; verify target marker, tolerance and gameplay locally before live deployment.",settlement_standard,50.21235,-5.09367,0.7,Devoran grew as a port for the mining districts and stands where the Carnon River meets Restronguet Creek.,Live,Mid Cornwall,Feock,,settlement; mining heritage; Restronguet Creek,28/08/2026,Expansion 151-200 draft; source: https://maps.apple.com/place?auid=6854821446570789116; nearest existing: King Harry Ferry (4.7 km). Local marker/gameplay check required before changing Status to Live.
192,Roche,Village,2,,4,,Draft / test,,,,,,,,,,,,,,4,Draft / test,"New expansion candidate; verify target marker, tolerance and gameplay locally before live deployment.",settlement_standard,50.40722,-4.83389,0.9,Roche is a large mid-Cornwall village close to the dramatic granite outcrop and chapel ruins of Roche Rock.,Live,Mid Cornwall,Roche,Treroache,settlement; village; Roche Rock,28/08/2026,Expansion 151-200 draft; source: https://www.britishplacenames.uk/roche-cornwall-sw987602; nearest existing: Roche Rock (0.7 km). Local marker/gameplay check required before changing Status to Live.
193,St Stephen,Village,3,,5,,Draft / test,,,,,,,,,,,,,,5,Draft / test,"New expansion candidate; verify target marker, tolerance and gameplay locally before live deployment.",settlement_standard,50.34362,-4.891879,1.0,St Stephen-in-Brannel is a large village west of St Austell on the southern edge of Cornwall’s china-clay district.,Live,Mid Cornwall,St Stephen-in-Brannel,St Stephen-in-Brannel,settlement; china clay; village,28/08/2026,Expansion 151-200 draft; source: https://www.genuki.org.uk/big/eng/CON/StStepheninBrannel; nearest existing: Sticker (4.5 km). Local marker/gameplay check required before changing Status to Live.
194,Lanner,Village,3,,6,,Draft / test,,,,,,,,,,,,,,6,Draft / test,"New expansion candidate; verify target marker, tolerance and gameplay locally before live deployment.",settlement_standard,50.215518,-5.201612,0.8,Lanner is a former mining village southeast of Redruth beneath the slopes of Carn Marth.,Live,West Cornwall,Lanner,Lannarth,settlement; mining; village,28/08/2026,"Expansion 151-200 draft; source: https://gazetteer.org.uk/place/Lanner,_Cornwall_25587; nearest existing: Redruth (2.9 km). Local marker/gameplay check required before changing Status to Live."
195,Truro,Town,1,,1,,Draft / test,,,,,,,,,,,,,,1,Draft / test,"New expansion candidate; verify target marker, tolerance and gameplay locally before live deployment.",settlement_easy,50.26326,-5.05259,1.5,"Truro is Cornwall’s cathedral city and administrative centre, granted city status in 1877.",Live,Mid Cornwall,Truro,Truru,settlement; city; county centre,28/08/2026,"Expansion 151-200 draft; source: https://gazetteer.org.uk/place/Truro,_Cornwall_46262; nearest existing: Truro Cathedral (0.1 km). Local marker/gameplay check required before changing Status to Live."
196,Lost Gardens of Heligan,Attraction,2,,4,,Draft / test,,,,,,,,,,,,,,4,Draft / test,"New expansion candidate; verify target marker, tolerance and gameplay locally before live deployment.",landmark_standard,50.28439,-4.80949,0.9,The Lost Gardens of Heligan are a restored historic estate garden near Mevagissey that was rediscovered and revived from the 1990s.,Live,Mid Cornwall,St Ewe,Heligan,garden; attraction; historic estate,28/08/2026,Expansion 151-200 draft; source: https://www.parksandgardens.org/places/lost-gardens-of-heligan-the; nearest existing: Mevagissey Harbour (2.3 km). Local marker/gameplay check required before changing Status to Live.
197,Trelissick,Historic Estate,3,,6,,Draft / test,,,,,,,,,,,,,,6,Draft / test,"New expansion candidate; verify target marker, tolerance and gameplay locally before live deployment.",landmark_standard,50.21606,-5.03247,0.5,Trelissick is a National Trust house and garden overlooking Carrick Roads near the King Harry Ferry.,Live,Mid Cornwall,Feock,Trelissick House,historic estate; National Trust; Carrick Roads,28/08/2026,Expansion 151-200 draft; source: https://commons.wikimedia.org/wiki/Category:Trelissick_House; nearest existing: King Harry Ferry (0.3 km). Local marker/gameplay check required before changing Status to Live.
198,St Catherine's Castle,Castle,4,,7,,Draft / test,,,,,,,,,,,,,,7,Draft / test,"New expansion candidate; verify target marker, tolerance and gameplay locally before live deployment.",landmark_remote,50.32828,-4.64452,0.3,St Catherine's Castle is a small Tudor artillery fort built by Henry VIII to defend the entrance to Fowey Harbour.,Live,Mid Cornwall,Fowey,,castle; Tudor; Fowey; coastal defence,28/08/2026,Expansion 151-200 draft; source: https://www.english-heritage.org.uk/visit/places/st-catherines-castle/directions/; nearest existing: Polruan (0.7 km). Local marker/gameplay check required before changing Status to Live.
199,Cremyll,Village,4,,7,,Draft / test,,,,,,,,,,,,,,7,Draft / test,"New expansion candidate; verify target marker, tolerance and gameplay locally before live deployment.",settlement_standard,50.3595,-4.17602,0.6,Cremyll is a small riverside settlement beside Mount Edgcumbe and the passenger ferry across Plymouth Sound.,Live,East Cornwall,Maker-with-Rame,,settlement; Mount Edgcumbe; ferry; Plymouth Sound,28/08/2026,Expansion 151-200 draft; source: https://www.getthedata.com/cremyll/where-is-cremyll; nearest existing: Mount Edgcumbe House (0.3 km). Local marker/gameplay check required before changing Status to Live.
200,Caerhays Castle,Castle,4,,7,,Draft / test,,,,,,,,,,,,,,7,Draft / test,"New expansion candidate; verify target marker, tolerance and gameplay locally before live deployment.",landmark_remote,50.23984,-4.84647,0.4,Caerhays Castle is a Grade I listed Gothic Revival country house designed by John Nash above Porthluney Cove.,Live,Mid Cornwall,St Michael Caerhays,,castle; historic house; John Nash; south coast,28/08/2026,"Expansion 151-200 draft; source: https://gazetteer.org.uk/place/Caerhays_Castle,_Cornwall_319970; nearest existing: Hemmick Beach (2.6 km). Local marker/gameplay check required before changing Status to Live."
